,item_number,text,labels,objects,thumbnail_path,model_desc
0,1,"['impact', 'impact', 'FLEXIBLE TO', 'FLEXIBLE', 'TO', 'impact', 'impact']","['Tripod', 'Bag', 'Baggage', 'Cameras & optics', 'Optical instrument', 'Backpack']",[],aypt2025-13/1_1.jpg,"High-quality camera equipment set, including tripods with adjustable heads, stored in a black padded bag. Features durable metal and black plastic construction with yellow accents. Ideal for photographers seeking reliable and portable gear."
1,2,"['INTERIIT', 'INTERIIT', 'INTERFIT', 'INTERFIT', 'INTERFIT\nStellaro.', 'INTERFIT', 'Stellaro', '.', 'Stell\nS4211203011U', 'Stell', 'S4211203011U', 'INTERFIT\nREADY\n1/8\nSOUND MODEL\n1/4\nCHARGE\n1/16\nFULL\nCE\nSENSOR\nTEST\nSYNC', 'INTERFIT', 'READY', '1/8', 'SOUND', 'MODEL', '1/4', 'CHARGE', '1/16', 'FULL', 'CE', 'SENSOR', 'TEST', 'SYNC', 'INTERFIT\nCOR 751', 'INTERFIT', 'COR', '751', '(al)', '(', 'al', ')']","['Electronic device', 'Microphone stand', 'Electrical cable']",['Tripod'],aypt2025-13/2_1.jpg,"Professional-grade INTERFIT Stellaro sound model microphone stand with 1/8"" and 1/4"" connectors, ready for use. Includes sturdy black tripod and electrical cable. Ideal for studio or field recordings. High-quality construction ensures reliable performance."
2,3,"['INTERFIT\nStellar', 'INTERFIT', 'Stellar', 'INTERFIT', 'INTERFIT', 'INTERFIT\nStellar o.', 'INTERFIT', 'Stellar', 'o', '.', 'Stel\nS4211203010U', 'Stel', 'S4211203010U', 'SOUND\nREADY\nCHARGE\n1/4\n1/2\n1/8\n1/16\nFULL\nSENSOR\nTEST\nMODEL CE\nPOWER\nSYNC', 'SOUND', 'READY', 'CHARGE', '1/4', '1/2', '1/8', '1/16', 'FULL', 'SENSOR', 'TEST', 'MODEL', 'CE', 'POWER', 'SYNC', 'Stellar o\n300', 'Stellar', 'o', '300', 'INTERFIT\nCOR 751', 'INTERFIT', 'COR', '751']","['Electronic device', 'Cameras & optics', 'Electrical cable', 'Gadget', 'Overhead projector', 'Pet Supply']","['Lighting', 'Tripod']",aypt2025-13/3_1.jpg,"Professional-grade grey overhead projector with 'INTERFIT Stellar' branding, mounted on a black tripod. Features multiple connection options and a 'SOUND READY CHARGE' indicator. Ideal for studio or professional use."
3,4,"['INTERFIT\nStellar', 'INTERFIT', 'Stellar', 'INTERFIT\nStellar 300\nS42112030030\nP', 'INTERFIT', 'Stellar', '300', 'S42112030030', 'P', 'Stell\nS4211203003 U', 'Stell', 'S4211203003', 'U', 'INTERFIT\nREADY\n1/4\nCHARGE\nSOUND MODEL\n1/16\nFULL\nSENSOR TEST\nCE\nO', 'INTERFIT', 'READY', '1/4', 'CHARGE', 'SOUND', 'MODEL', '1/16', 'FULL', 'SENSOR', 'TEST', 'CE', 'O', 'العام\nINTERFIT\ntrobies', 'العام', 'INTERFIT', 'trobies', 'INTERFIT\nCOR 751', 'INTERFIT', 'COR', '751']","['Electronic device', 'Electrical cable', 'Cameras & optics', 'Small appliance', 'Optical instrument', 'Gadget']","['Tripod', 'Lighting']",aypt2025-13/4_1.jpg,"Professional-grade Interfit Stellar 300 lighting setup on a sturdy tripod. Features a gray, compact electronic device with multiple labels and connectors. Ideal for cameras and optics applications. Ready for use with sound model and full sensor test capabilities."
4,5,"['INTERFIT', 'INTERFIT', 'INTERFIT', 'INTERFIT', 'INTERFIT\nاله دلاراد', 'INTERFIT', 'اله', 'دلاراد', 'INTER T\nCOR 751', 'INTER', 'T', 'COR', '751', 'INTERFIT', 'INTERFIT', 'INTERFIT', 'INTERFIT', 'INTERFIT', 'INTERFIT']",['Balance'],['Hat'],aypt2025-13/5_1.jpg,"Black circular cap with ""INTERFIT"" text in white, positioned on a beige fabric background. Made from smooth, slightly shiny material. Ideal for casual or sporty wear. Clean and new condition."
5,6,"['Impact.', 'Impact', '.', 'impact', 'impact', 'Impact', 'Impact', '49 42 50 43 51\n01 2 3 4 5\n44 52\n4-6\n54 47 55 48 56 44\n4-5 53\n6 7 8 9 13 01 23456 78914 01 2 2 4\n4-10 5\n5 6 7', '49', '42', '50', '43', '51', '01', '2', '3', '4', '5', '44', '52', '4-6', '54', '47', '55', '48', '56', '44', '4-5', '53', '6', '7', '8', '9', '13', '01', '23456', '78914', '01', '2', '2', '4', '4-10', '5', '5', '6', '7', '9233 234 235 331 37 32 38 33 39 34 40 35 41 36 42\n37 43 344\n1 2 3 4 5 6 7 8 9 90 1 2 3 4 5 6 7 8 9 100 1\n2 3 4\n5 6 7\n8\n9 110 1 2', '9233', '234', '235', '331', '37', '32', '38', '33', '39', '34', '40', '35', '41', '36', '42', '37', '43', '344', '1', '2', '3', '4', '5', '6', '7', '8', '9', '90', '1', '2', '3', '4', '5', '6', '7', '8', '9', '100', '1', '2', '3', '4', '5', '6', '7', '8', '9', '110', '1', '2']",[],[],aypt2025-13/6_1.jpg,"Pair of professional silver and blue studio microphones on black stands, ideal for recording or live performances. Sturdy construction with adjustable stands, perfect for various audio applications. High-quality materials ensure clear and reliable sound capture."
6,7,"['Forged\nSEARS', 'Forged', 'SEARS', ""3/8\nMechanics\nLCHOICE\nSAL/METRIC\n32PC COMBINATION\nWRENCH SET\n20PC EXTENDED LENGTH\n12PC STUBBY\nMIRROR POLISHED CHROME VANADIUM STEEL\nLIFETIME WARRANTY\nCONTENTS\nBARAGR\n20 PIECE EXTENDED LENGTH SET\nMETRIC 471 12. 13. 18. 17. 18\n12 PIECE STUBBY SET\nSAE\n3\nMETRIC 18. 11. 12. 13. 14. 15mm\nWARNING\nALWAYS WEAR EYE PROTECTION WHICH\nMEETS ANSI 247.1 WHEN USING ANY\nTOOLS\nMechanic's Chec\nPO Box 2718\nRoanoke VA 24001\nMade in India\n11/32\n5/16\nSA\nSEARS"", '3/8', 'Mechanics', 'LCHOICE', 'SAL', '/', 'METRIC', '32PC', 'COMBINATION', 'WRENCH', 'SET', '20PC', 'EXTENDED', 'LENGTH', '12PC', 'STUBBY', 'MIRROR', 'POLISHED', 'CHROME', 'VANADIUM', 'STEEL', 'LIFETIME', 'WARRANTY', 'CONTENTS', 'BARAGR', '20', 'PIECE', 'EXTENDED', 'LENGTH', 'SET', 'METRIC', '471', '12.', '13.', '18.', '17.', '18', '12', 'PIECE', 'STUBBY', 'SET', 'SAE', '3', 'METRIC', '18.', '11.', '12.', '13.', '14.', '15mm', 'WARNING', 'ALWAYS', 'WEAR', 'EYE', 'PROTECTION', 'WHICH', 'MEETS', 'ANSI', '247.1', 'WHEN', 'USING', 'ANY', 'TOOLS', ""Mechanic's"", 'Chec', 'PO', 'Box', '2718', 'Roanoke', 'VA', '24001', 'Made', 'in', 'India', '11/32', '5/16', 'SA', 'SEARS', 'WE COMBINATION\nTHE NAMED LENGTH\nSEARS\nForged\nLESS', 'WE', 'COMBINATION', 'THE', 'NAMED', 'LENGTH', 'SEARS', 'Forged', 'LESS']","['Wrench', 'Metalworking hand tool', 'Hand tool', 'Tool', 'Household hardware', 'Pliers', 'Ratchet', 'Titanium', 'Adjustable spanner', 'Set tool']","['Wrench', 'Wrench']",aypt2025-13/7_1.jpg,"Vintage set of assorted metalworking tools, including a ratchet, wrenches, and pliers. Features a blue pouch with a label, adjustable spanner, and forged steel construction. Ideal for mechanics and DIY enthusiasts."
7,8,"['160MM\n66726', '160MM', '66726']","['Hand tool', 'Metalworking hand tool', 'Hammer', 'Tool', 'Household hardware', 'Garden tool', 'Box', 'Antique tool', 'Set tool', ""Stonemason's hammer""]",[],aypt2025-13/8_1.jpg,"Vintage toolbox containing assorted metalworking and household tools, including a stonemason's hammer, hand tools, and hardware. Includes a metal ratchet set and various wooden and metal handles. Excellent condition."
8,9,"['lelabo', 'lelabo', 'DEMON\nDIABLO\n10x\nThan Grinding\nDs ap\n""\namolate\nGRINDS\n4/2\nU\nGran\n40\nT Actore\nMETAL/\nSTAINLESS\nMetalA\n+\nPOLISHES\n11.280 RPM\nGRINDING & POLISHING FLAP DISC\nDisco flap para amolado y pulido\nCRAFTSMAN\n41/2-IN. SEGMENTED\nBORGE SESMENTADO OF DEA', 'DEMON', 'DIABLO', '10x', 'Than', 'Grinding', 'Ds', 'ap', '""', 'amolate', 'GRINDS', '4/2', 'U', 'Gran', '40', 'T', 'Actore', 'METAL', '/', 'STAINLESS', 'MetalA', '+', 'POLISHES', '11.280', 'RPM', 'GRINDING', '&', 'POLISHING', 'FLAP', 'DISC', 'Disco', 'flap', 'para', 'amolado', 'y', 'pulido', 'CRAFTSMAN', '41', '/', '2', '-', 'IN', '.', 'SEGMENTED', 'BORGE', 'SESMENTADO', 'OF', 'DEA', 'metabo\nmetabo 23 804\nStahldraht Topbürste\nCup Wheel Brush\nBrosse boisseau\nKomstaalborstel\nAxialborste\nSpazzole a tazza\nCepillo de cape\n70 mm\nmax 11.000/min\nOriginal Metabo Qualität\n600\nCRAFTSM\nopand&\nALG', 'metabo', 'metabo', '23', '804', 'Stahldraht', 'Topbürste', 'Cup', 'Wheel', 'Brush', 'Brosse', 'boisseau', 'Komstaalborstel', 'Axialborste', 'Spazzole', 'a', 'tazza', 'Cepillo', 'de', 'cape', '70', 'mm', 'max', '11.000', '/', 'min', 'Original', 'Metabo', 'Qualität', '600', 'CRAFTSM', 'opand', '&', 'ALG', 'Que\nne\nlowblack\ncheme\ndemark for\npower tool\nessories\nPE\n29\n18,000 RPM\n園\nDisco Hap para amolado y pulido\nING & POLISHING FLAP DISC\n2750 4-1/2"" ANGLE GRINDER\nTYPE 100 SER. 575708\n120 V AC/DC 6.0 A\n10000 RPM\nWARNING:\n.\nLISTED 406A\nPUL\nFOR SAFE OPERATION, READ INSTRUCTION MANUAL\nALWAYS USE GUARDS AND WEAR EYE PROTECTION\nUSE GRINDING WHEEL SUITABLE FOR 12000 RPM OR HIGHER.\nWHEN SERVICING, USE ONLY IDENTICAL REPLACEMENT PARTS:\nUS PAT. NO760,339 OTHERS PEND\nBLACK & DECKER (U.S.) INC., HUNT VALLEY MD 21030 U.S.A.\n-\nSOC\n6', 'Que', 'ne', 'lowblack', 'cheme', 'demark', 'for', 'power', 'tool', 'essories', 'PE', '29', '18,000', 'RPM', '園', 'Disco', 'Hap', 'para', 'amolado', 'y', 'pulido', 'ING', '&', 'POLISHING', 'FLAP', 'DISC', '2750', '4-1', '/', '2', '""', 'ANGLE', 'GRINDER', 'TYPE', '100', 'SER', '.', '575708', '120', 'V', 'AC', '/', 'DC', '6.0', 'A', '10000', 'RPM', 'WARNING', ':', '.', 'LISTED', '406A', 'PUL', 'FOR', 'SAFE', 'OPERATION', ',', 'READ', 'INSTRUCTION', 'MANUAL', 'ALWAYS', 'USE', 'GUARDS', 'AND', 'WEAR', 'EYE', 'PROTECTION', 'USE', 'GRINDING', 'WHEEL', 'SUITABLE', 'FOR', '12000', 'RPM', 'OR', 'HIGHER', '.', 'WHEN', 'SERVICING', ',', 'USE', 'ONLY', 'IDENTICAL', 'REPLACEMENT', 'PARTS', ':', 'US', 'PAT', '.', 'NO760,339', 'OTHERS', 'PEND', 'BLACK', '&', 'DECKER', '(', 'U.S.', ')', 'INC', '.', ',', 'HUNT', 'VALLEY', 'MD', '21030', 'U.S.A.', '-', 'SOC', '6', 'Qualit\nOND\nOriginal Metabo Qualität', 'Qualit', 'OND', 'Original', 'Metabo', 'Qualität', '2750E GROCER\nTYPE\nSER SPEW\n120 VACOC &&', '2750E', 'GROCER', 'TYPE', 'SER', 'SPEW', '120', 'VACOC', '&&']","['Box', 'Electrical cable', 'Plastic', 'Wire', 'Transparency', 'Electrical Supply', 'Office supplies', 'Packing materials']",[],aypt2025-13/9_1.jpg,"Transparent plastic box containing a 4-1/2"" angle grinder, assorted grinding and polishing discs, and related tools. Includes a Metabo 2750E grinder with 18,000 RPM. Ideal for power tool enthusiasts."
9,10,"['USA\nQUARANTEL\nTOOLS\nARMSTRONG\nRONG\n57\nARMSTRONG', 'USA', 'QUARANTEL', 'TOOLS', 'ARMSTRONG', 'RONG', '57', 'ARMSTRONG', 'MAR\nSA ARMSTRON\nTOOK\nSUARANTEE\nSA ARMSTRONG\nEE TOOLS', 'MAR', 'SA', 'ARMSTRON', 'TOOK', 'SUARANTEE', 'SA', 'ARMSTRONG', 'EE', 'TOOLS', '33-894', '33-894', '39.4 ARMSTRONG', '39.4', 'ARMSTRONG', 'E\nTHE\nE GUARAN\nTHE USA ARMSTR\nGUARANTEE TOOLS\nTHE USA ARMSTRONG LIE\nGUARANTEE TOOLS MAD\nHE USA ARMSTRONG LIFES\nJARANTEE TOOLS MADE\nSA ARMSTRONG LIFETI\nANTEE TOOLS MADE I\nMSTRONG LIFETIM\nIFETIME\nIN TH\nOLS MADE INT', 'E', 'THE', 'E', 'GUARAN', 'THE', 'USA', 'ARMSTR', 'GUARANTEE', 'TOOLS', 'THE', 'USA', 'ARMSTRONG', 'LIE', 'GUARANTEE', 'TOOLS', 'MAD', 'HE', 'USA', 'ARMSTRONG', 'LIFES', 'JARANTEE', 'TOOLS', 'MADE', 'SA', 'ARMSTRONG', 'LIFETI', 'ANTEE', 'TOOLS', 'MADE', 'I', 'MSTRONG', 'LIFETIM', 'IFETIME', 'IN', 'TH', 'OLS', 'MADE', 'INT']","['Silver', 'Titanium', 'Carbon fibers', 'Nickel']",[],aypt2025-13/10_1.jpg,"Rare vintage armrest tool set featuring a metallic clamp and a branded, white, blue, and yellow protective cover. Ideal for collectors or restorers, showcasing durability and historical design. Perfect for restoring antique furniture or unique decorative pieces."
10,11,"['PITTSBURGH\nBearing Race\nand Seal Driver Set\narehousing\nbearing sizes\nMachined aluminum\nconstruction\nAnodized\nsh\nBlow mold case\nSize: 1.555 392.32259.\n2.559 653.199\nITEM 95853\n10\nPITTSBURGH AUTOMOTIVE\nTIRE/WHEEL\nBearing Race and Seal Driver Set', 'PITTSBURGH', 'Bearing', 'Race', 'and', 'Seal', 'Driver', 'Set', 'arehousing', 'bearing', 'sizes', 'Machined', 'aluminum', 'construction', 'Anodized', 'sh', 'Blow', 'mold', 'case', 'Size', ':', '1.555', '392.32259', '.', '2.559', '653.199', 'ITEM', '95853', '10', 'PITTSBURGH', 'AUTOMOTIVE', 'TIRE', '/', 'WHEEL', 'Bearing', 'Race', 'and', 'Seal', 'Driver', 'Set', 'PITTSBURGH A\nBearing Race\nand Seal Driver Set\nEasily replace bearing races\nwithout damaging race or\naxle housing\nCollars fit most wheel\nbearing sizes\nMachined aluminum\nconstruction\nAnodized finish\nBlow mold case\nSizes: 1.555 in/39.5mm; 2.322 in/59.0mm;\n2.834 in/72.0mm; 1.752 in/44.5mm; 2.480\nin/63.0mm; 2.992 in/76.0mm; 1.968 in/50.0mm;\n2.559 in/65.0mm; 3.189 in/81.0mm\nITEM 95853', 'PITTSBURGH', 'A', 'Bearing', 'Race', 'and', 'Seal', 'Driver', 'Set', 'Easily', 'replace', 'bearing', 'races', 'without', 'damaging', 'race', 'or', 'axle', 'housing', 'Collars', 'fit', 'most', 'wheel', 'bearing', 'sizes', 'Machined', 'aluminum', 'construction', 'Anodized', 'finish', 'Blow', 'mold', 'case', 'Sizes', ':', '1.555', 'in', '/', '39.5mm', ';', '2.322', 'in', '/', '59.0mm', ';', '2.834', 'in', '/', '72.0mm', ';', '1.752', 'in', '/', '44.5mm', ';', '2.480', 'in', '/', '63.0mm', ';', '2.992', 'in', '/', '76.0mm', ';', '1.968', 'in', '/', '50.0mm', ';', '2.559', 'in', '/', '65.0mm', ';', '3.189', 'in', '/', '81.0mm', 'ITEM', '95853', 'Anodized finish\nBlow mold case\nSizes: 1.555 in/39.5mm: 2.322 in/59.0mm;\n2.834 in/72.0mm; 1.752 in/44.5mm; 2.480\nin/63.0mm; 2.992 in/76.0mm; 1.968 in/50.0mm;\n2.559 in/65.0mm; 3.189 in/81.0mm\nAWARNING\nTo prevent serious injury or property damage:\n1. Wear ANSI-approved safety goggles during use.\n2. Keep away from children.\n3. Inspect before use; do not use if damaged.\n4. Do not strike with hardened tool.\n5. Lubricate bearing/seal to reduce damage.\nSave these warnings.\nDistributed by\nHarbor Freight Tools, Camarillo, CA\nwww.HarborFreight.com\n79236395853\n0\nBecause of continuing impro\nactual product may differ slig\nMade in China', 'Anodized', 'finish', 'Blow', 'mold', 'case', 'Sizes', ':', '1.555', 'in', '/', '39.5mm', ':', '2.322', 'in', '/', '59.0mm', ';', '2.834', 'in', '/', '72.0mm', ';', '1.752', 'in', '/', '44.5mm', ';', '2.480', 'in', '/', '63.0mm', ';', '2.992', 'in', '/', '76.0mm', ';', '1.968', 'in', '/', '50.0mm', ';', '2.559', 'in', '/', '65.0mm', ';', '3.189', 'in', '/', '81.0mm', 'AWARNING', 'To', 'prevent', 'serious', 'injury', 'or', 'property', 'damage', ':', '1.', 'Wear', 'ANSI', '-', 'approved', 'safety', 'goggles', 'during', 'use', '.', '2.', 'Keep', 'away', 'from', 'children', '.', '3.', 'Inspect', 'before', 'use', ';', 'do', 'not', 'use', 'if', 'damaged', '.', '4.', 'Do', 'not', 'strike', 'with', 'hardened', 'tool', '.', '5.', 'Lubricate', 'bearing', '/', 'seal', 'to', 'reduce', 'damage', '.', 'Save', 'these', 'warnings', '.', 'Distributed', 'by', 'Harbor', 'Freight', 'Tools', ',', 'Camarillo', ',', 'CA', 'www.HarborFreight.com', '79236395853', '0', 'Because', 'of', 'continuing', 'impro', 'actual', 'product', 'may', 'differ', 'slig', 'Made', 'in', 'China', 'Race\nITEM 95853\nal Driver Set', 'Race', 'ITEM', '95853', 'al', 'Driver', 'Set']","['Orange', 'Box', 'Plastic']",['Boxed packaged goods'],aypt2025-13/11_1.jpg,Orange boxed Pittsburgh Bearing Race and Seal Driver Set. Includes machined aluminum construction with anodized finish and blow-mold case. Suitable for various wheel bearing sizes. Perfect for automotive repairs. Item 95853. Warning: use with safety goggles and avoid striking. Made in China.
11,12,"['SIM2204', 'SIM2204']","['Plastic', 'Office Instrument', 'Cylinder']",[],aypt2025-13/12_1.jpg,"Plastic office instrument featuring a red holder with multiple cylindrical components. Each cylinder is securely aligned within the holder, ideal for organized storage and easy access. Durable and functional design."
12,13,"['CRAFTSMAN\nWATCH W More 4AN\nCRAFTSMAN', 'CRAFTSMAN', 'WATCH', 'W', 'More', '4AN', 'CRAFTSMAN', '43335', '43335', 'CRAFTSMA\nMADE IN US', 'CRAFTSMA', 'MADE', 'IN', 'US', 'PERAFTSMAN', 'PERAFTSMAN', 'NA TOM VERA', 'NA', 'TOM', 'VERA']","['Wrench', 'Ratchet', 'Metalworking hand tool', 'Hand tool', 'Household hardware', 'Tool', 'Titanium', 'Steel', 'Nickel', 'Aluminium']","['Wrench', 'Wrench']",aypt2025-13/13_1.jpg,"Vintage Craftsman hand tools set, including wrenches and a ratchet, made from high-quality metal with a mix of titanium, steel, and nickel finishes. Features 'Craftsman' branding and ""Made in USA"" label."
13,14,"['27MH PROTOO\nPROBESSIONAL. 9', '27MH', 'PROTOO', 'PROBESSIONAL', '.', '9', '6427MH PRO', '6427MH', 'PRO', 'PROTO 22MM\nFESSIONAL )', 'PROTO', '22MM', 'FESSIONAL', ')']","['Titanium', 'Nickel']",[],aypt2025-13/14_1.jpg,"Vintage industrial tool set featuring a row of silver metallic probes with a red base, set against a gray fabric backdrop. Includes 'Titanium' and 'Nickel' components. Ideal for collectors and restoration projects."
14,15,"['CDITO DO\nCDI', 'CDITO', 'DO', 'CDI', 'WH LOS\nModel no.\nТуре\nRange\nanufacturer.\n501MRMH\nCDIT\nPR\nCertificate of C\nMicrometer adjustable\n10.00 in-lb-50.00 in-lb\nCDI\nSet Torque [in-lb]\nClockwise torque (Tolerance: ± 4.0%)\n10.00\n30.00\n50.00\nCounterclockwise torque (Tolerance: ± 6.0%)\n0\n0.00\n50.00\n10.23 2.3%\n30.58 1.9%\n50.91 1.8%\n10.36 3.6%\n30.70\n2.3%\n50.14\n0.3%\nReading\nvalues are within tolerance according to :ASME B1', 'WH', 'LOS', 'Model', 'no', '.', 'Туре', 'Range', 'anufacturer', '.', '501MRMH', 'CDIT', 'PR', 'Certificate', 'of', 'C', 'Micrometer', 'adjustable', '10.00', 'in', '-', 'lb', '-', '50.00', 'in', '-', 'lb', 'CDI', 'Set', 'Torque', '[', 'in', '-', 'lb', ']', 'Clockwise', 'torque', '(', 'Tolerance', ':', '±', '4.0', '%', ')', '10.00', '30.00', '50.00', 'Counterclockwise', 'torque', '(', 'Tolerance', ':', '±', '6.0', '%', ')', '0', '0.00', '50.00', '10.23', '2.3', '%', '30.58', '1.9', '%', '50.91', '1.8', '%', '10.36', '3.6', '%', '30.70', '2.3', '%', '50.14', '0.3', '%', 'Reading', 'values', 'are', 'within', 'tolerance', 'according', 'to', ':', 'ASME', 'B1', 'DITORQUE\nPRODUCTS\ncate of Calibration\nSerial Number\nCalibration equipment\nAccuracy of calibrator\nReadings [in-lb].\n1199500636\nCDI Digitest 950DT\n0.25%\n10.28\n2.8%\n10.20 2.0%\n30.75\n2.5%\n30.82\n2.7%\n51.23\n2.5%\n51.25\n2.5%\n10.26 2.6%\n10.26 2.6%\n30.63 2.1%\n30.55 1.8%\n50.22 0.4%\n50.22 0.4%', 'DITORQUE', 'PRODUCTS', 'cate', 'of', 'Calibration', 'Serial', 'Number', 'Calibration', 'equipment', 'Accuracy', 'of', 'calibrator', 'Readings', '[', 'in', '-', 'lb', ']', '.', '1199500636', 'CDI', 'Digitest', '950DT', '0.25', '%', '10.28', '2.8', '%', '10.20', '2.0', '%', '30.75', '2.5', '%', '30.82', '2.7', '%', '51.23', '2.5', '%', '51.25', '2.5', '%', '10.26', '2.6', '%', '10.26', '2.6', '%', '30.63', '2.1', '%', '30.55', '1.8', '%', '50.22', '0.4', '%', '50.22', '0.4', '%', 'ICATION\nFOR YOUR PERMANENT FILE\nWRENCH\nMODEL\nNUMBER\nSION TABLE\nSERIAL\nNUMBER\nM\nAMUS M\nCD TORQUE CE\nPRODURYS\nCONSOLIDATED DEVICE INC.\n19220 San Jose Avenue\nCity of Industry, California 917897\nPHONE (626) 965 0668 or (800) 4319\nwww', 'ICATION', 'FOR', 'YOUR', 'PERMANENT', 'FILE', 'WRENCH', 'MODEL', 'NUMBER', 'SION', 'TABLE', 'SERIAL', 'NUMBER', 'M', 'AMUS', 'M', 'CD', 'TORQUE', 'CE', 'PRODURYS', 'CONSOLIDATED', 'DEVICE', 'INC', '.', '19220', 'San', 'Jose', 'Avenue', 'City', 'of', 'Industry', ',', 'California', '917897', 'PHONE', '(', '626', ')', '965', '0668', 'or', '(', '800', ')', '4319', 'www', '4.5\nLIDATED DEVICES\n501MRMH\nMADE IN USA\nHS AND FOREIGN PARTS', '4.5', 'LIDATED', 'DEVICES', '501MRMH', 'MADE', 'IN', 'USA', 'HS', 'AND', 'FOREIGN', 'PARTS', 'VICATION\nrated at the factory, i\ncy in specifications: ASME\n, Type 2, Class A\nAdditionally all wrenches are\nand traceable to the National\nnology 01.1.5.T)\nRSION TABLE\nMultiply\nby\nFOR YOUR PERMANENT VIL\nWRENCH\nMODEL\nNUMBER\nSERIAL\nNUMBER\nATION MA\nJOIN THE\nPROVESALS\nWITH YO, NEW\nADJUSTALE METAL\nHANDLE CROMETE\nTORQUE ENCH\nUA\n2\nA\n4\nSA\nAL\nm.\nBar\n2\n16\n08333\n1.1519\n911519\n1.13\n1382\n1.356\n10\n19.2\n102\n0625\nky\nNA\n12\n3681\n86.81\n8.85\n885\n7.236\nka\nNa\n.7376\n.10\n199807\n9.807\nCDITORQUE\nCONSOLIDATE DEVICES, INC.\n19220 San Jose Avenue\nCity of Industry,fornia 91748-1497\nPHONE (626) 96 68 or (800) 52-6319\nFAX\n(626) 96 410 or (626) 8-2759\nWEB SITE: www.ditorque.com\nFORM 20-291-CD\n4/99 KEV. NC\nCD TOR\nPROD\nCONSOLIDATO DEVICE\nTHE CHOICE PROFESS\nTHROUGHOUT THE WOR\nACCURACY, DURALITY\nCALIBRATION RELL', 'VICATION', 'rated', 'at', 'the', 'factory', ',', 'i', 'cy', 'in', 'specifications', ':', 'ASME', ',', 'Type', '2', ',', 'Class', 'A', 'Additionally', 'all', 'wrenches', 'are', 'and', 'traceable', 'to', 'the', 'National', 'nology', '01.1.5.T', ')', 'RSION', 'TABLE', 'Multiply', 'by', 'FOR', 'YOUR', 'PERMANENT', 'VIL', 'WRENCH', 'MODEL', 'NUMBER', 'SERIAL', 'NUMBER', 'ATION', 'MA', 'JOIN', 'THE', 'PROVESALS', 'WITH', 'YO', ',', 'NEW', 'ADJUSTALE', 'METAL', 'HANDLE', 'CROMETE', 'TORQUE', 'ENCH', 'UA', '2', 'A', '4', 'SA', 'AL', 'm', '.', 'Bar', '2', '16', '08333', '1.1519', '911519', '1.13', '1382', '1.356', '10', '19.2', '102', '0625', 'ky', 'NA', '12', '3681', '86.81', '8.85', '885', '7.236', 'ka', 'Na', '.7376', '.10', '199807', '9.807', 'CDITORQUE', 'CONSOLIDATE', 'DEVICES', ',', 'INC', '.', '19220', 'San', 'Jose', 'Avenue', 'City', 'of', 'Industry', ',', 'fornia', '91748-1497', 'PHONE', '(', '626', ')', '96', '68', 'or', '(', '800', ')', '52-6319', 'FAX', '(', '626', ')', '96', '410', 'or', '(', '626', ')', '8-2759', 'WEB', 'SITE', ':', 'www.ditorque.com', 'FORM', '20-291', '-', 'CD', '4/99', 'KEV', '.', 'NC', 'CD', 'TOR', 'PROD', 'CONSOLIDATO', 'DEVICE', 'THE', 'CHOICE', 'PROFESS', 'THROUGHOUT', 'THE', 'WOR', 'ACCURACY', ',', 'DURALITY', 'CALIBRATION', 'RELL', '0\nK-D 2386', '0', 'K', '-', 'D', '2386', '30-250 FT-L', '30-250', 'FT', '-', 'L', 'WRENC\nPhone\n(412) 824-354\nNESS. INSPECT ALL PACKAGES FOR\nWITHIN 72 HOURS. RETURNS SUBJP\nTELY NO RETURNS AFTER 90\nDiptio\nCDITORQUE\nCDE', 'WRENC', 'Phone', '(', '412', ')', '824-354', 'NESS', '.', 'INSPECT', 'ALL', 'PACKAGES', 'FOR', 'WITHIN', '72', 'HOURS', '.', 'RETURNS', 'SUBJP', 'TELY', 'NO', 'RETURNS', 'AFTER', '90', 'Diptio', 'CDITORQUE', 'CDE', 'ETER ADJUSTABLE TO\nK-D TO', 'ETER', 'ADJUSTABLE', 'TO', 'K', '-', 'D', 'TO']","['Plastic', 'Pipe', 'Office Instrument']",[],aypt2025-13/15_1.jpg,"Set of precision tools including a red adjustable wrench, black tools, and four white calibration certificates. Features high-quality materials and precise calibration readings. Ideal for industrial or mechanical use. Excellent condition. Includes serial numbers and manufacturer details."
15,16,"['MAYES BROTHERS TOOL MFG.COMPANY\nA Division of Great C\n15\n14\n13\n12\n11 10\n3\n29 30 31\n8\n2\n22 23 24 25 26 27\n8 9 10 11 12 13 14 15 16\n5\n3\n4\n20\n16THS', 'MAYES', 'BROTHERS', 'TOOL', 'MFG.COMPANY', 'A', 'Division', 'of', 'Great', 'C', '15', '14', '13', '12', '11', '10', '3', '29', '30', '31', '8', '2', '22', '23', '24', '25', '26', '27', '8', '9', '10', '11', '12', '13', '14', '15', '16', '5', '3', '4', '20', '16THS', '8061', '8061', '15\nMAYES BROTHERS TOOL MFG.COMPANY\nA Division of Great Neck Saw Mfg.Co.\n14\n13\n12 11 10 19\n6\n14 35\nའགའགའ་དག་གགས་དགའགན་\n1\n2', '15', 'MAYES', 'BROTHERS', 'TOOL', 'MFG.COMPANY', 'A', 'Division', 'of', 'Great', 'Neck', 'Saw', 'Mfg.Co.', '14', '13', '12', '11', '10', '19', '6', '14', '35', 'འགའགའ་', 'དག་', 'གགས་', 'དགའགན་', '1', '2', '17 18\nH\n6L\n19 20\nJOHNSONⓇ\nLEVEL & TOOL\n8L\nLL 9L', '17', '18', 'H', '6L', '19', '20', 'JOHNSONⓇ', 'LEVEL', '&', 'TOOL', '8L', 'LL', '9L', '15 16 17 18 19\n1/7\n18\nLEVEL & TOOL\n5\n30', '15', '16', '17', '18', '19', '1/7', '18', 'LEVEL', '&', 'TOOL', '5', '30']","['Plastic', 'Hardwood', 'Measuring instrument']",['Ruler'],aypt2025-13/16_1.jpg,"Vintage measuring instruments, including a blue plastic ruler, a white plastic ruler, and a brass ruler with ornate detailing. Features precise measurements in inches. Perfect for collectors or crafters. Condition: Good."
16,17,"['MODI', 'MODI', '37211 14 13', '37211', '14', '13', 'Haul Master\nSteel Loading\nRAMP\n1,000 lb. Combined Two Ramp Capacity, Eventy Distri\nOR\nb. Individual Ramp Capacity\n(Refer to warning labexplanati how dynamic loading reduces capacity.\nITEM 696', 'Haul', 'Master', 'Steel', 'Loading', 'RAMP', '1,000', 'lb.', 'Combined', 'Two', 'Ramp', 'Capacity', ',', 'Eventy', 'Distri', 'OR', 'b', '.', 'Individual', 'Ramp', 'Capacity', '(', 'Refer', 'to', 'warning', 'labexplanati', 'how', 'dynamic', 'loading', 'reduces', 'capacity', '.', 'ITEM', '696', 'EM 69\n1. Before use:\nTo prevent serious injury and DEATH:\na. Read and understand manual.\nADANGER\nb. Wear ANSI-approved safety goggles and heavy-duty work gloves.\nc. Inspect before every use; do not use if parts loose or damaged.\nd. Turn vehicle\'s ignition OFF and set parking brake.\ne. Clean dirt, oil and debris off camps and allow ramps to dry.\n1. Set up only on solid, level, dry surface.\ng. Tum ramps so flange end faces downward.\nPosition rapps so that tongues fully.contact tailgate.\nh. Properly connect safety chains.\n2. Load vehicle slowly.\n3. Do not exceed 500 lb.\n1,000 lb. capacity ever\nBe aware of dynamic Id\nte vele do ramps.\noed across two ramps.\nSudden load movement\nmay briefly create excess load causing product failure.\n4. Use safety chains as intended only.\n5. Use as intended only. Do not use:\n⚫as ladder,\nto load/unload 3-wheeled vehicles,\n⚫if tailgate on carrying vehicle is higher than 36"", or\nto load vehicle with wheel width wider than ramps.\nT REMOVE.', 'EM', '69', '1.', 'Before', 'use', ':', 'To', 'prevent', 'serious', 'injury', 'and', 'DEATH', ':', 'a', '.', 'Read', 'and', 'understand', 'manual', '.', 'ADANGER', 'b', '.', 'Wear', 'ANSI', '-', 'approved', 'safety', 'goggles', 'and', 'heavy', '-', 'duty', 'work', 'gloves', '.', 'c', '.', 'Inspect', 'before', 'every', 'use', ';', 'do', 'not', 'use', 'if', 'parts', 'loose', 'or', 'damaged', '.', 'd', '.', 'Turn', ""vehicle's"", 'ignition', 'OFF', 'and', 'set', 'parking', 'brake', '.', 'e', '.', 'Clean', 'dirt', ',', 'oil', 'and', 'debris', 'off', 'camps', 'and', 'allow', 'ramps', 'to', 'dry', '.', '1.', 'Set', 'up', 'only', 'on', 'solid', ',', 'level', ',', 'dry', 'surface', '.', 'g', '.', 'Tum', 'ramps', 'so', 'flange', 'end', 'faces', 'downward', '.', 'Position', 'rapps', 'so', 'that', 'tongues', 'fully.contact', 'tailgate', '.', 'h', '.', 'Properly', 'connect', 'safety', 'chains', '.', '2.', 'Load', 'vehicle', 'slowly', '.', '3.', 'Do', 'not', 'exceed', '500', 'lb.', '1,000', 'lb.', 'capacity', 'ever', 'Be', 'aware', 'of', 'dynamic', 'Id', 'te', 'vele', 'do', 'ramps', '.', 'oed', 'across', 'two', 'ramps', '.', 'Sudden', 'load', 'movement', 'may', 'briefly', 'create', 'excess', 'load', 'causing', 'product', 'failure', '.', '4.', 'Use', 'safety', 'chains', 'as', 'intended', 'only', '.', '5.', 'Use', 'as', 'intended', 'only', '.', 'Do', 'not', 'use', ':', '⚫as', 'ladder', ',', 'to', 'load', '/', 'unload', '3', '-', 'wheeled', 'vehicles', ',', '⚫if', 'tailgate', 'on', 'carrying', 'vehicle', 'is', 'higher', 'than', '36', '""', ',', 'or', 'to', 'load', 'vehicle', 'with', 'wheel', 'width', 'wider', 'than', 'ramps', '.', 'T', 'REMOVE', '.', 'evale dovramps.\ned across two ramps.\nudden load movement\nusing product failure.\ny.\ne:\nS.\ngher than 36"", or\nwider than ramps.\nO NOT REMOVE\nITEM 69646 12c China', 'evale', 'dovramps', '.', 'ed', 'across', 'two', 'ramps', '.', 'udden', 'load', 'movement', 'using', 'product', 'failure', '.', 'y', '.', 'e', ':', 'S.', 'gher', 'than', '36', '""', ',', 'or', 'wider', 'than', 'ramps', '.', 'O', 'NOT', 'REMOVE', 'ITEM', '69646', '12c', 'China', '70\n71\n76\n57\n6\n8\n77\n78\n9\n81', '70', '71', '76', '57', '6', '8', '77', '78', '9', '81']",['Silver'],[],aypt2025-13/17_1.jpg,"Two silver steel loading ramps with a combined capacity of 1,000 lb. each. Features a robust, ventilated design for efficient loading. Ideal for heavy-duty use, with clear safety instructions included. Perfect for ensuring secure and efficient loading operations."
17,18,"['dyson\ndyson', 'dyson', 'dyson', 'Biswaye\nLi-ion\nRechargeable Battery Pack\nFor dyson V8\n21.6V 3500mAh 75.6Wh\nWARNING:\n1. Please read and understand operations manual.\n2. Do not disassemble,crush, or solder.\n3. Do not short terminals.\n4. Do not throw into fire or water.\nΔ\nACE\n>\nPS □\nFC\n☑✰\nLH-ion\nMade in China', 'Biswaye', 'Li', '-', 'ion', 'Rechargeable', 'Battery', 'Pack', 'For', 'dyson', 'V8', '21.6V', '3500mAh', '75.6Wh', 'WARNING', ':', '1.', 'Please', 'read', 'and', 'understand', 'operations', 'manual', '.', '2.', 'Do', 'not', 'disassemble', ',', 'crush', ',', 'or', 'solder', '.', '3.', 'Do', 'not', 'short', 'terminals', '.', '4.', 'Do', 'not', 'throw', 'into', 'fire', 'or', 'water', '.', 'Δ', 'ACE', '>', 'PS', '□', 'FC', '☑✰', 'LH', '-', 'ion', 'Made', 'in', 'China', 'dyson', 'dyson', 'dyson\nv8 absolute\nCIF', 'dyson', 'v8', 'absolute', 'CIF', 'dyson\ndyso', 'dyson', 'dyso', 'dyson\ndyson', 'dyson', 'dyson', 'dyson\ndyson\ncon v8absolute', 'dyson', 'dyson', 'con', 'v8absolute', 'Byson\ndyson', 'Byson', 'dyson', 'duson\ndyson v8 absolute', 'duson', 'dyson', 'v8', 'absolute', 'son', 'son']","['Machine', 'Pipe', 'Silver', 'Titanium', 'Plastic', 'Cylinder', 'Steel', 'Aluminium']",[],aypt2025-13/18_1.jpg,"Silver and blue industrial machine with metal and plastic components, including a yellow pipe and labeled 'Biswaye Li-ion Rechargeable Battery Pack For dyson V8 21.6V 3500mAh 75.6Wh.' Ideal for DIY projects or repairs."
18,19,"['YAMAO\nDELMODELE M', 'YAMAO', 'DELMODELE', 'M', '33\n5\n39\n54\n41\n69\n8\n10\n42\n43\n44\n45\n46', '33', '5', '39', '54', '41', '69', '8', '10', '42', '43', '44', '45', '46']","['Lampshade', 'Lighting', 'Lamp', 'Light fixture', 'Metal', 'Still life photography', 'Cylinder', 'Still life', 'Brass']",[],aypt2025-13/19_1.jpg,"Vintage wall-mounted lamp featuring a cream-colored, textured lampshade and brass base with black metal accents. Includes a white, adjustable arm with brass knob. Ideal for retro or classic decor."
19,20,"['EA\nالتلريال\n3\n6\n42 43 44 45\n11\n4647', 'EA', 'التلريال', '3', '6', '42', '43', '44', '45', '11', '4647']","['Brass', 'Lampshade', 'Metal', 'Cylinder', 'Lamp', 'Still life photography', 'Antique', 'Bronze']","['Lighting', 'Lighting']",aypt2025-13/20_1.jpg,"Antique brass and bronze floor lamp with a cylindrical, beige lampshade and intricately turned wooden base. Features a polished brass finial and elegant, vintage design. Ideal for classic home decor."
20,21,"['11-15', '11-15', '1。,', '1。', ',']","['Lampshade', 'Natural material', 'Cylinder', 'Lamp', 'Wicker', 'Still life photography', 'Still life', 'Brass', 'Antique']",[],aypt2025-13/21_1.jpg,"Antique wicker lamp with a natural cylinder shade and brass accents. Features intricate brass detailing and a classic, timeless design. Perfect for adding a vintage touch to any space. Still life photography highlights the lamp's craftsmanship and elegance."
21,22,"['11\n2F\n23\n24\n25\n226\n3\n4\n27\n28\n52\n6\n7\n29\n30\n73\n9\n31\n32 33\n10\n34 3', '11', '2F', '23', '24', '25', '226', '3', '4', '27', '28', '52', '6', '7', '29', '30', '73', '9', '31', '32', '33', '10', '34', '3', '20-\n22\n23', '20-', '22', '23']","['Bottle', 'Glass bottle', 'Drinkware', 'Serveware', 'Art Paint', 'Still life', 'Paint', 'Jug', 'Still life photography', 'Modern art']","['Bottle', 'Jug', 'Bottle', 'Food', 'Tableware']",aypt2025-13/22_1.jpg,"Modern still life painting featuring a yellow bottle, blue jug, green bottle, and two brown bulbs on a gold background. The textured brushstrokes add depth and character to this vibrant, contemporary artwork."
22,23,"['Airata Bouchere', 'Airata', 'Bouchere', 'Resala Bouchere', 'Resala', 'Bouchere', 'Kerala Bo-', 'Kerala', 'Bo-', '1\n25\n2\n26 27', '1', '25', '2', '26', '27', ""13lar 14 15\n10'\n11\n2F\n18\n19\n2\n20\n21\n22\n23\n24 25 26"", '13lar', '14', '15', '10', ""'"", '11', '2F', '18', '19', '2', '20', '21', '22', '23', '24', '25', '26']","['Galaxy', 'Astronomical object', 'Outer space', 'Astronomy', 'Star', 'Universe', 'Nebula', 'Spiral galaxy', 'Constellation', 'Glitter']",['Television'],aypt2025-13/23_1.jpg,"Abstract painting by Airata Bouchere, featuring a central glowing circular galaxy with vibrant yellow, orange, and green hues, set against a dark, textured background. Signed ""Airata Bouchere"" in the top right corner."
23,24,"['DANY/03', 'DANY', '/', '03', 'DA', 'DA', 'DANY/03\n21\n2\n26', 'DANY', '/', '03', '21', '2', '26', '5\n6\n7\n8\n18\n19\n16\n10\n11\n2F\n2\n22\nNN\n26\nNW.\n52\n2', '5', '6', '7', '8', '18', '19', '16', '10', '11', '2F', '2', '22', 'NN', '26', 'NW', '.', '52', '2']","['Boat', 'Watercraft', 'Sailboat', 'Sail', 'Mast', 'Picture frame', 'Naval architecture', 'Sailing', 'Sailing ship', 'Boats and boating--Equipment and supplies']","['Picture frame', 'Boat']",aypt2025-13/24_1.jpg,"Vibrant oil painting of a sailing ship with multi-colored sails, set against a serene blue sea. The ship is detailed with masts and rigging, framed in a simple gold frame. Ideal for maritime enthusiasts."
24,25,"['MVELOUS', 'MVELOUS', '16028\nN', '16028', 'N', '32\nNN\nN\n52\n29\n6\n30\n73\n31...\n32\n9\n10\n33\n34', '32', 'NN', 'N', '52', '29', '6', '30', '73', '31', '...', '32', '9', '10', '33', '34']",['Modern art'],['Painting'],aypt2025-13/25_1.jpg,"Vibrant modern abstract painting featuring a chaotic arrangement of colorful, fragmented shapes and patterns on a white background. Bold use of reds, blues, yellows, and greens create dynamic visual interest."
25,26,"['Lig', 'Lig', 'Lig', 'Lig', 'Lig', 'Lig', '24\nGLENDALE NY\nGLEN\n10\n3F\n2\n38\n3\n39', '24', 'GLENDALE', 'NY', 'GLEN', '10', '3F', '2', '38', '3', '39', '9\n21\n2 33', '9', '21', '2', '33']","['Visual arts', 'Painting', 'Art Paint', 'Watercolor painting', 'Paint', 'Modern art', 'Creative arts', 'Acrylic paint']","['Television', 'Television']",aypt2025-13/26_1.jpg,"Vibrant watercolor painting of a narrow urban street with colorful buildings, dynamic brushstrokes, and a sense of movement. Signed and framed, featuring a mix of blues, yellows, and reds. Modern, expressive style."
26,27,"['CHARLES BRA\nBrage', 'CHARLES', 'BRA', 'Brage', '77', '77', 'Banga\nHigh Court\nThe framing of your art has been\nlovingly completed by\nDem\nMENTOR\nand double checked by\n20 minutes east of Cand\nRt. 615-Just off Rt. 2\n7603\nMentor, sine\n(216) 255-1200\n(800) 621-1141\nWe hope you enjoy it!\ngamery\nKl. 1974\nAKRON\nBeen Cleveland and Columb\nFairlawn Town Centre\n71 Weet Market\nAkron, Oll 44530-429\n(216) D-5151\n(800) 621-1161\nGalery One 1902', 'Banga', 'High', 'Court', 'The', 'framing', 'of', 'your', 'art', 'has', 'been', 'lovingly', 'completed', 'by', 'Dem', 'MENTOR', 'and', 'double', 'checked', 'by', '20', 'minutes', 'east', 'of', 'Cand', 'Rt', '.', '615', '-', 'Just', 'off', 'Rt', '.', '2', '7603', 'Mentor', ',', 'sine', '(', '216', ')', '255-1200', '(', '800', ')', '621-1141', 'We', 'hope', 'you', 'enjoy', 'it', '!', 'gamery', 'Kl', '.', '1974', 'AKRON', 'Been', 'Cleveland', 'and', 'Columb', 'Fairlawn', 'Town', 'Centre', '71', 'Weet', 'Market', 'Akron', ',', 'Oll', '44530-429', '(', '216', ')', 'D', '-', '5151', '(', '800', ')', '621-1161', 'Galery', 'One', '1902']","['Picture frame', 'Art', 'Visual arts', 'Painting', 'Room', 'Collection', 'Art museum', 'Museum', 'Exhibition', 'Modern art']","['Picture frame', 'Clothing', 'Clothing', 'Person', 'Person', 'Person', 'Person', 'Person', 'Person', 'Person']",aypt2025-13/27_1.jpg,"A framed modern art piece featuring a group of people in formal attire, set against a detailed background. The artwork is signed ""Charles Bra"" and includes a detailed inscription from the framer."
27,28,"['10\n11\n26\nMilan 16\n18\n19\n21\n2\n23', '10', '11', '26', 'Milan', '16', '18', '19', '21', '2', '23', '6 7\n8\n6\n10\n11\n>>\n3\n5', '6', '7', '8', '6', '10', '11', '>>', '3', '5', 'The Hung Jury', 'The', 'Hung', 'Jury', 'The Hung Jury', 'The', 'Hung', 'Jury', 'H.M.Brell', 'H.M.Brell', ""10'\n2F\n32"", '10', ""'"", '2F', '32', '14\n3\ner\n6\n15 16 17 18 19\n8\n9\n10\n11\n20\n21\n22\n23 24 25', '14', '3', 'er', '6', '15', '16', '17', '18', '19', '8', '9', '10', '11', '20', '21', '22', '23', '24', '25', 'Les\nдень\nde\nJustice\nUn aureat que espère que son chent le poner bus.', 'Les', 'день', 'de', 'Justice', 'Un', 'aureat', 'que', 'espère', 'que', 'son', 'chent', 'le', 'poner', 'bus', '.']","['Photograph', 'Picture frame', 'Brown', 'Visual arts', 'Room', 'Design', 'Still life photography', 'Collection', 'Photographic paper']","['Picture frame', 'Picture frame', 'Person']",aypt2025-13/28_1.jpg,"Pair of framed art pieces: a black-and-white print in a white frame and a 19th-century-style photograph in a brown frame. High-quality photographic paper, showcasing classic artistry. Ideal for collectors."
28,29,"['56-78\n9 10 11\n2\n3\n4\n12 13\n14\n15\n16\n5\n7\n17\n18\n19', '56-78', '9', '10', '11', '2', '3', '4', '12', '13', '14', '15', '16', '5', '7', '17', '18', '19', '9\n10\n11\n34\n35 36\n333333333\n23\n37 38\n39\nE33', '9', '10', '11', '34', '35', '36', '333333333', '23', '37', '38', '39', 'E33', '28\n30', '28', '30']","['Wood', 'Wood flooring', 'Hardwood', 'Natural material', 'Wood stain', 'Plywood', 'Plank', 'Laminate flooring']","['Table top', 'Coffee table']",aypt2025-13/29_1.jpg,"Mid-century modern glass coffee table with sleek, light wooden legs. Features a transparent circular top and natural wood finish. Ideal for contemporary or minimalist decor. High-quality craftsmanship."
29,30,"['AA\nDanecastle ApS\nMADE IN DENMARK', 'AA', 'Danecastle', 'ApS', 'MADE', 'IN', 'DENMARK', '25 26 27 28\nNW\n6\n7\n29 30 31\n8\n9\n10\n11\n3F\n32\n33\n34\n35\n36', '25', '26', '27', '28', 'NW', '6', '7', '29', '30', '31', '8', '9', '10', '11', '3F', '32', '33', '34', '35', '36', '6-78\n9\n10\n10\n11\nN\n15\n16', '6-78', '9', '10', '10', '11', 'N', '15', '16', '2\n24 25 26\n10 11\n2F\n20 21 22 23\n3\n4\n27\n28\n53\n52', '2', '24', '25', '26', '10', '11', '2F', '20', '21', '22', '23', '3', '4', '27', '28', '53', '52']","['Wood', 'Furniture', 'Flooring', 'Floor', 'Wood stain', 'Hardwood', 'Plywood', 'Metal', 'Folding table', 'Varnish']",['Table'],aypt2025-13/30_1.jpg,"Mid-century modern wooden furniture piece with a sleek, vertical wood grain finish. Features a metal armrest and sturdy construction. Perfect for adding a touch of retro elegance to any room. Ideal for collectors or modern decor enthusiasts."
30,31,"['24 25 26 27 28 29 30 31 82\n10\n維\n33\n34\n35\n36\n38', '24', '25', '26', '27', '28', '29', '30', '31', '82', '10', '維', '33', '34', '35', '36', '38', '10\n11 2F\n2223tel24\nN\n26\n4\n28\n31\n8\n32\nEWB', '10', '11', '2F', '2223tel24', 'N', '26', '4', '28', '31', '8', '32', 'EWB']","['Wood', 'Brown', 'Hardwood', 'Wood stain', 'Plywood']",['Chair'],aypt2025-13/31_1.jpg,"Antique brown hardwood chair with unique cut-out design, featuring smooth wood grain and a warm, natural finish. Constructed from high-quality plywood and wood, this piece offers a distinctive and elegant style. Ideal for vintage decor enthusiasts."
31,32,"['Rufinell\nASSIS', 'Rufinell', 'ASSIS', '1 2 3\n5 6-78 9-10 11\n12. 13\n2\n14', '1', '2', '3', '5', '6-78', '9-10', '11', '12.', '13', '2', '14']","['Visual arts', 'Fictional character', 'Creative arts', 'Modern art', 'Paint']",['Wallet'],aypt2025-13/32_1.jpg,"Modern art painting with abstract, swirling yellow and green hues, framed in a yellow border. Accompanied by a vibrant red ceramic piece featuring black and white eye-like designs."
32,33,"['Drexel', 'Drexel', '963-133-2\nVIEWPOINT 70\nBY DREXEL', '963-133-2', 'VIEWPOINT', '70', 'BY', 'DREXEL', '5 6\n65\n7\n8\n9\n10\n11\n66\n67\n68\n69\n70\n71 72\nN\n73\n74\n75\n76\n77\n29\n6\n7\n8\n9\n78\n79\n80\n8', '5', '6', '65', '7', '8', '9', '10', '11', '66', '67', '68', '69', '70', '71', '72', 'N', '73', '74', '75', '76', '77', '29', '6', '7', '8', '9', '78', '79', '80', '8', '=R\n23 24\n1.42\nwwwwwww\n2\n3\n4\n6\n10\n25 26 27\n28\n29\n30\n31\n33\n34\n10\n22\n48\nA', '=', 'R', '23', '24', '1.42', 'wwwwwww', '2', '3', '4', '6', '10', '25', '26', '27', '28', '29', '30', '31', '33', '34', '10', '22', '48', 'A']","['Wood', 'Hardwood', 'Silver', 'Wood stain', 'Plywood', 'Building material', 'Varnish', 'Plank', 'Wood flooring', 'Steel']",[],aypt2025-13/33_1.jpg,"Vintage hardwood plank with a rich, brown finish and subtle wood grain patterns. The plank features a smooth, silver-toned metal edge. Ideal for building material or wood flooring projects."
33,34,"['8\n9\n10\n11\n4F\n2\n45\n46\n47\n48\n49\n50\n35', '8', '9', '10', '11', '4F', '2', '45', '46', '47', '48', '49', '50', '35', '7456-78 910\n3\n18\n82\n20\n92', '7456-78', '910', '3', '18', '82', '20', '92', '5\n6\n7\nB\n10\n9-10 11\n12\n13\n14 1517\n18\n19\n20\n21\n22\n23\nNN', '5', '6', '7', 'B', '10', '9-10', '11', '12', '13', '14', '1517', '18', '19', '20', '21', '22', '23', 'NN']","['Wood', 'Furniture', 'Hardwood', 'Wood stain', 'Natural material', 'Stool', 'Plank', 'Plywood', 'Design', 'Varnish']",['Coffee table'],aypt2025-13/34_1.jpg,"Stylish wooden furniture piece with a natural wood finish, featuring a sturdy plank design and simple, clean lines. Ideal for modern or rustic interiors. Constructed from high-quality hardwood, showcasing a warm, attractive wood grain."
34,35,"['3 4 5 6-78 910\n2\n3\n00:\n8\n20\n92\n21\nENO\nN', '3', '4', '5', '6-78', '910', '2', '3', '00', ':', '8', '20', '92', '21', 'ENO', 'N', '9\n10\n7F\n8\n79\n82\n83\n84 85\n80', '9', '10', '7F', '8', '79', '82', '83', '84', '85', '80', '48910', '48910', '0300-0173-6058', '0300-0173-6058', '09\n20\nComtois\n7\n25\n30\nJean\n50\n55', '09', '20', 'Comtois', '7', '25', '30', 'Jean', '50', '55', '55\n60\nJean\nHaut\n1\nComtois\nJura\n5', '55', '60', 'Jean', 'Haut', '1', 'Comtois', 'Jura', '5']","['Grandfather clock', 'Hardwood', 'Clock', 'Antique']","['Grandfather clock', 'Clock']",aypt2025-13/35_1.jpg,"Antique hardwood grandfather clock with ornate floral detailing on the clock face. Features a classic white face with black Roman numerals. Crafted from rich, dark wood, showcasing elegant, curved lines. Ideal for vintage enthusiasts."
35,36,"['W', 'W', '5\n6-78\n9\n10\n11\n1F\n2\n3\n5\n6\n7\n14\n15\n16\n17\n18\n19\nB\n20', '5', '6-78', '9', '10', '11', '1F', '2', '3', '5', '6', '7', '14', '15', '16', '17', '18', '19', 'B', '20', '51\n2\nSTANLEY G\n4\n5\n6\nMADE IN USA\n7\nP.R.APPD\nNO 336\nTHE STANLEY', '51', '2', 'STANLEY', 'G', '4', '5', '6', 'MADE', 'IN', 'USA', '7', 'P.R.APPD', 'NO', '336', 'THE', 'STANLEY']","['Watch', 'Clock', 'Antique', 'Brass', 'Measuring instrument', 'Quartz clock', 'Collectable', 'Bronze', 'Gauge']",['Clock'],aypt2025-13/36_1.jpg,"Antique wooden clock with brass face and hands, measuring instrument, and collectable charm. Features hexagonal shape, polished wood, and clear glass display. Ideal for vintage decor or collector."
36,37,"['MADE IN 32 PRANGE\nLE CREUSET', 'MADE', 'IN', '32', 'PRANGE', 'LE', 'CREUSET']","['Red', 'Silver', 'Plastic']",['Wallet'],aypt2025-13/37_1.jpg,"Vintage red and silver plastic creuset, featuring a central oval handle. Shows slight wear, with ""MADE IN 32 PRANGE LE CREUSET"" printed on the side. Ideal for collectors or kitchen enthusiasts."
37,38,"['23456-7 8 9 10 11\n22\n3\n56\n16418', '23456-7', '8', '9', '10', '11', '22', '3', '56', '16418', '6-78\n9\n3\n5\n6\n7\n10\n11\n12 13\n14\n15\n16\n17\n18\n19\nBE\n8\n20', '6-78', '9', '3', '5', '6', '7', '10', '11', '12', '13', '14', '15', '16', '17', '18', '19', 'BE', '8', '20']","['Sailing ship', 'Boat', 'Watercraft', 'Mast', 'Ship replica', 'Scale model', 'Full-rigged ship', 'Naval architecture', 'Maritime museum', 'Tall ship']",[],aypt2025-13/38_1.jpg,"Detailed scale model of a full-rigged sailing ship, featuring gold-hued sails, intricate rigging, and realistic mast construction. Ideal for maritime enthusiasts and collectors. High-quality craftsmanship."
38,39,"['352%', '352', '%']","['Cross', 'Religious Item', 'Artifact', 'Symbol', 'Silver', 'Creative arts', 'Still life photography', 'Crucifix']","['Jug', 'Pitcher']",aypt2025-13/39_1.jpg,"Antique green ceramic pitcher with leaf pattern, paired with an ornate, silver-toned cross featuring intricate floral designs. Perfect for collectors of vintage ceramics and religious artifacts. Photographic still life captures fine details."
39,40,"['ORUNM', 'ORUNM', '1\n2\nSTANLE\n3ife Guards 4\n5\n6\nMADE IN USA\n78\n9\nBRURIN\nTHE STANLEY\nWORKS 1990\n10', '1', '2', 'STANLE', '3ife', 'Guards', '4', '5', '6', 'MADE', 'IN', 'USA', '78', '9', 'BRURIN', 'THE', 'STANLEY', 'WORKS', '1990', '10']","['Wing', 'Angel', 'Fictional character', 'Supernatural creature', 'Mythical creature', 'Silver', 'Natural material', 'Feather', 'Silver']",[],aypt2025-13/40_1.jpg,"Antique silver winged angel brooch, intricately detailed with natural material feathers, featuring ornate patterns and a vintage design. Made in USA by Stanley Works, circa 1990. A timeless piece of craftsmanship."
40,41,"['Mr. Coffee\ncafé barista\n&', 'Mr.', 'Coffee', 'café', 'barista', '&', 'Mr. Coffee\ncafé barista', 'Mr.', 'Coffee', 'café', 'barista', 'Espresso\nCustom\nCappuccino\nFroth\nLatte\nManual\nAuto\n80°\nClean', 'Espresso', 'Custom', 'Cappuccino', 'Froth', 'Latte', 'Manual', 'Auto', '80', '°', 'Clean', 'My Coffe\ncalebanata\nO\nPLAD\n000\nFlean', 'My', 'Coffe', 'calebanata', 'O', 'PLAD', '000', 'Flean', 'Clear', 'Clear', 'O', 'O', ""POUR REDUIRE LES PISQUES\nD'INCENDIE OU D'ELECTROCUTIONNE\nPAS ENLEVER LES COVERCLES D'ENTRETIEN\nMr. Coffee®\nSUNBEAM PRODUCTS, INC.\nBOCA RATON, FL 33431\nMODEL: IDS77\n120VAC 60HZ 170W\nCOFFEE MILL\nPN:181373\nETD US\nHOUSEHOLD USE ONLY\nDO NOT IMMERSE IN WATER\nIntertek\n3074272\nCONFORMS TO UL STD.982\nMADE IN CHINA"", 'POUR', 'REDUIRE', 'LES', 'PISQUES', ""D'INCENDIE"", 'OU', ""D'ELECTROCUTIONNE"", 'PAS', 'ENLEVER', 'LES', 'COVERCLES', ""D'ENTRETIEN"", 'Mr.', 'Coffee®', 'SUNBEAM', 'PRODUCTS', ',', 'INC', '.', 'BOCA', 'RATON', ',', 'FL', '33431', 'MODEL', ':', 'IDS77', '120VAC', '60HZ', '170W', 'COFFEE', 'MILL', 'PN', ':', '181373', 'ETD', 'US', 'HOUSEHOLD', 'USE', 'ONLY', 'DO', 'NOT', 'IMMERSE', 'IN', 'WATER', 'Intertek', '3074272', 'CONFORMS', 'TO', 'UL', 'STD.982', 'MADE', 'IN', 'CHINA', 'MAX', 'MAX']","['Small appliance', 'Espresso machine', 'Coffeemaker', 'Machine', 'Kitchen Appliance', 'Drip Coffee Maker', 'Silver', 'Coffee', 'Home appliance']","['Coffeemaker', 'Expresso machine', 'Table top', 'Kitchen Appliance']",aypt2025-13/41_1.jpg,"Vintage Mr. Coffee café barista espresso machine, featuring a silver top and black body. Includes multiple accessories, including a clear drip tray and black cup holders. Ideal for home use, with clear instructions and certification. Made in China."
41,42,"['ADE IN SPAIN', 'ADE', 'IN', 'SPAIN', 'NC1\nW63\nWE', 'NC1', 'W63', 'WE']","['Sword', 'Silver', 'Épée', 'Steel', 'Nickel']","['Sword', 'Sword']",aypt2025-13/42_1.jpg,"Antique double-edged swords with ornate, nickel-plated hilts, featuring intricate scrollwork and textured steel blades. Each sword showcases a vintage, handcrafted design, perfect for collectors or historical reenactments. Excellent condition."
42,43,"['1\nft\nin', '1', 'ft', 'in', '10\n6F\n2\n65 66\n67\n68 69\n70\n72\n73\n74 75\n76\n5\n77\n6\n78', '10', '6F', '2', '65', '66', '67', '68', '69', '70', '72', '73', '74', '75', '76', '5', '77', '6', '78', '5\n6\n7\n8\n10\n11\n4F\n40\n41\n42\n43\n44\n46\n47\n48\n49 50\n25', '5', '6', '7', '8', '10', '11', '4F', '40', '41', '42', '43', '44', '46', '47', '48', '49', '50', '25']","['Blue', 'Rug', 'Prayer rug', 'Carpet', 'Mat', 'Motif']",['Chest of drawers'],aypt2025-13/43_1.jpg,"Exquisite vintage blue prayer rug with intricate yellow and orange floral motifs, bordered by detailed blue and beige patterns. Fringed edges add elegance. Perfect for adding cultural charm to any space. Measures approximately 1 ft in."
43,44,"['ROYAL\nASHAN\nLOOM CRAFTED WILTON\nPATTERN SEC\nFACE: ALL VIRGIN WOOL\nCOLOR 371 SHAH GOLD\nSIZE\nREGISTER\n4\'6""X6\n08348\nTHE MARK OF THE WORLD\'S BEST\nPURE WOOL PILE\nThe wool mark is\nyour assurance of quality\ntested carpets made of\npure wool pile.\nAvailable Sizes\n9812\n27x54 12x12\nQUALITY CARPETS\nSINCE 1665\nDownsc\n4,6х6\n6x9\n12x15\n12x18\nCarpet Company, Inc., Willow Grove,', 'ROYAL', 'ASHAN', 'LOOM', 'CRAFTED', 'WILTON', 'PATTERN', 'SEC', 'FACE', ':', 'ALL', 'VIRGIN', 'WOOL', 'COLOR', '371', 'SHAH', 'GOLD', 'SIZE', 'REGISTER', ""4'6"", '""', 'X6', '08348', 'THE', 'MARK', 'OF', 'THE', ""WORLD'S"", 'BEST', 'PURE', 'WOOL', 'PILE', 'The', 'wool', 'mark', 'is', 'your', 'assurance', 'of', 'quality', 'tested', 'carpets', 'made', 'of', 'pure', 'wool', 'pile', '.', 'Available', 'Sizes', '9812', '27x54', '12x12', 'QUALITY', 'CARPETS', 'SINCE', '1665', 'Downsc', '4,6х6', '6x9', '12x15', '12x18', 'Carpet', 'Company', ',', 'Inc.', ',', 'Willow', 'Grove', ',']","['Rug', 'Carpet', 'Design', 'Prayer rug', 'Mat', 'Living room']",['Furniture'],aypt2025-13/44_1.jpg,"Elegant vintage prayer rug featuring a rich gold and brown floral design with intricate patterns. Made from pure wool, showcasing exceptional craftsmanship. Measures 4'6"" x 6', perfect for adding sophistication to any living space."
44,45,"['CDADE\nΟ', 'CDADE', 'Ο', 'A', 'A', 'Soumak\nCOLLECTION\nMahal 675\n5x8\n8x11\n10x 14\nMade in India\nMaslend\nREG\nMade of 100% W\nHandwen\n76 Bill Myles Drive\nSaraland 36571\n800433 0476', 'Soumak', 'COLLECTION', 'Mahal', '675', '5x8', '8x11', '10x', '14', 'Made', 'in', 'India', 'Maslend', 'REG', 'Made', 'of', '100', '%', 'W', 'Handwen', '76', 'Bill', 'Myles', 'Drive', 'Saraland', '36571', '800433', '0476', '1', '1']","['Flooring', 'Floor', 'Rug', 'Tile', 'Tile Flooring', 'Motif', 'Marble', 'Mat']",[],aypt2025-13/45_1.jpg,"Antique ornate rug with intricate floral and vine motifs in green, yellow, and beige on a cream background. Features a detailed border with fringe. Handwoven in India, measures approximately 8x11 feet. Ideal for traditional or vintage decor."
45,46,"['AT-Clad', 'AT', '-', 'Clad', 'All-Clad', 'All', '-', 'Clad']","['Tableware', 'Kitchen utensil', 'Cutlery', 'Serveware', 'Silver', 'Cookware and bakeware', 'Household silver', 'Dishware', 'Metal', 'Nickel']","['Frying pan', 'Frying pan']",aypt2025-13/46_1.jpg,"Vintage silver frying pans, featuring a polished nickel finish and classic All-Clad design. Each pan has a sturdy handle and reflective surface, perfect for both cooking and serving. Ideal for collectors or kitchen enthusiasts."
46,47,"['4805\nMAX 1000g 4919\nON/OFF\nTARE\n80\nMODE\nPCS', '4805', 'MAX', '1000g', '4919', 'ON', '/', 'OFF', 'TARE', '80', 'MODE', 'PCS', '3431\nMAX 1000g 0.19\n00\n00', '3431', 'MAX', '1000g', '0.19', '00', '00', '575.8\n480.5\n343.1\n1399.4', '575.8', '480.5', '343.1', '1399.4', 'TOWAL STERUNG 1973', 'TOWAL', 'STERUNG', '1973', 'TOWLE STERLING LOT', 'TOWLE', 'STERLING', 'LOT', 'STERLING HANDLE\nTOWLE STANLESS BLADE\nSTERLING HANDLE\nTOWLE STAINLESS BLADE\nTOWLE STERLING HANDLE\nSTAINLESS BLADE', 'STERLING', 'HANDLE', 'TOWLE', 'STANLESS', 'BLADE', 'STERLING', 'HANDLE', 'TOWLE', 'STAINLESS', 'BLADE', 'TOWLE', 'STERLING', 'HANDLE', 'STAINLESS', 'BLADE', 'HAGERTY SILVERSMITHS CLOTH\nREED&BARTON', 'HAGERTY', 'SILVERSMITHS', 'CLOTH', 'REED', '&', 'BARTON', '5958\nMAX 1000g 019\nON/OFF\nTARE\nMODE\nPCS', '5958', 'MAX', '1000g', '019', 'ON', '/', 'OFF', 'TARE', 'MODE', 'PCS']","['Box', 'Tobacco products', 'Wood stain', 'Hardwood', 'Cigars', 'Packaging and labeling']",['Box'],aypt2025-13/47_1.jpg,"Antique wooden cigar box with intricate silver handle, stainless blade, and sterling details. Includes black interior and metal tobacco product storage. Box features elegant craftsmanship and classic design. Ideal for collectors."
47,48,"['STERLING', 'STERLING', 'ITALY', 'ITALY', '14KT', '14KT', 'MAX 1000g 0.1g\nON/OFF\nTARE\n080\nMODE\nPCS', 'MAX', '1000g', '0.1g', 'ON', '/', 'OFF', 'TARE', '080', 'MODE', 'PCS', 'MAX 1000g d0.19\nON/OFF\nTARE\n00\nMODE\nPCS', 'MAX', '1000g', 'd0.19', 'ON', '/', 'OFF', 'TARE', '00', 'MODE', 'PCS']","['Brass', 'Silver']",[],aypt2025-13/48_1.jpg,"Gray fabric with intricate silver and brass embellishments. Features a vertical silver design element and two square brass pieces, showcasing a blend of metallic textures and craftsmanship. Ideal for collectors."
48,49,"['an RG\nPHO STAT', 'an', 'RG', 'PHO', 'STAT', 'Wrinkle Guard I\nAuto\nMoisture\nSensing\nLess Dry\nNormal Dry\nOff\nMore Dry\nOff\n80\n70\n60\nTimed Dry\n50\n40\n<- 30\n<-20\nTouch\n<-10\nOff\n30\n10\n20\nAir Dry', 'Wrinkle', 'Guard', 'I', 'Auto', 'Moisture', 'Sensing', 'Less', 'Dry', 'Normal', 'Dry', 'Off', 'More', 'Dry', 'Off', '80', '70', '60', 'Timed', 'Dry', '50', '40', '<', '-', '30', '<', '-20', 'Touch', '<', '-10', 'Off', '30', '10', '20', 'Air', 'Dry', 'FABRIC CARE/TEMP\nKnit\nCasual/\nMedum\nNormal\nPerm Press/\nMen High\nDelicate/\nSepte\nOVERTHEL\n• WISCONSIN\n0 RG\nCotton/\nSIGNAL\nEnd of Cycle\nSofter\nPUSH TO START\nLouder', 'FABRIC', 'CARE', '/', 'TEMP', 'Knit', 'Casual', '/', 'Medum', 'Normal', 'Perm', 'Press', '/', 'Men', 'High', 'Delicate', '/', 'Septe', 'OVERTHEL', '•', 'WISCONSIN', '0', 'RG', 'Cotton', '/', 'SIGNAL', 'End', 'of', 'Cycle', 'Softer', 'PUSH', 'TO', 'START', 'Louder', 'Louder\nKenmore\nELITE\nPUSH TO START', 'Louder', 'Kenmore', 'ELITE', 'PUSH', 'TO', 'START', 'Kenmore\n120/208V 23A 60Hz\n120/240V 26A 60HZ\n3 or 4 wire connection\nMOD\n110.66942501\nSER\nMT1910812\nTYPE: DDOT-ELE-2406028-CV54', 'Kenmore', '120', '/', '208V', '23A', '60Hz', '120', '/', '240V', '26A', '60HZ', '3', 'or', '4', 'wire', 'connection', 'MOD', '110.66942501', 'SER', 'MT1910812', 'TYPE', ':', 'DDOT', '-', 'ELE', '-', '2406028', '-', 'CV54', '7\n892\n10 10\nفاة', '7', '892', '10', '10', 'فاة', '29\n30\n9\n10\n3F\n2\n133\n39', '29', '30', '9', '10', '3F', '2', '133', '39']","['Major appliance', 'Home appliance', 'Washing machine']",['Washing machine'],aypt2025-13/49_1.jpg,"White Kenmore Elite washing machine with automatic moisture sensing and timed dry cycle options. Features include Wrinkle Guard and 7 fabric care settings. 120/240V, 23A/26A, 3/4 wire connection. Excellent condition."
49,50,"[""Unal\nCO\nAiu\nSCHMIDT\nTrip\nDIVERALL\nLASIC\nctor's\nTALL um\nOVERALL\nLAN\nTAL\n#60 QCI20\nLightw\nht and\ndurable luminum\nCST/berger\nUse with most laser\nlevels and auto levels\n5/8 x 11 thread\nFlat head\nStronger & more rigid\nthan comparable tripods\nHinge are attached\ndrews, not vets\nQuick clamp leg release\nReplaceable shoe points\nCST/berger\nISO-9001 CO."", 'Unal', 'CO', 'Aiu', 'SCHMIDT', 'Trip', 'DIVERALL', 'LASIC', ""ctor's"", 'TALL', 'um', 'OVERALL', 'LAN', 'TAL', '#', '60', 'QCI20', 'Lightw', 'ht', 'and', 'durable', 'luminum', 'CST', '/', 'berger', 'Use', 'with', 'most', 'laser', 'levels', 'and', 'auto', 'levels', '5/8', 'x', '11', 'thread', 'Flat', 'head', 'Stronger', '&', 'more', 'rigid', 'than', 'comparable', 'tripods', 'Hinge', 'are', 'attached', 'drews', ',', 'not', 'vets', 'Quick', 'clamp', 'leg', 'release', 'Replaceable', 'shoe', 'points', 'CST', '/', 'berger', 'ISO', '-', '9001', 'CO', '.', 'Un\nCO\nAlu\nSCHMIDT\nWORKWEAR\nCOVERALL\nLARGE\nTALL\nCOVERALL\nLARGE\nTALL\nal\nctor\'s\num\nCST/berger\nUse with most laser\nlevels and auto levels\n=5/8"" x 11 thread\nFlat head\nStronger & more rigid\nthan comparable tripods\nHinge are attached\nwith crews, not rivets\nQuick clamp leg release\nTrip\nCOVERAL\n#60\nLARG\nTALL\nQCI20\nLightwht and\ndurable luminum', 'Un', 'CO', 'Alu', 'SCHMIDT', 'WORKWEAR', 'COVERALL', 'LARGE', 'TALL', 'COVERALL', 'LARGE', 'TALL', 'al', ""ctor's"", 'um', 'CST', '/', 'berger', 'Use', 'with', 'most', 'laser', 'levels', 'and', 'auto', 'levels', '=', '5', '/', '8', '""', 'x', '11', 'thread', 'Flat', 'head', 'Stronger', '&', 'more', 'rigid', 'than', 'comparable', 'tripods', 'Hinge', 'are', 'attached', 'with', 'crews', ',', 'not', 'rivets', 'Quick', 'clamp', 'leg', 'release', 'Trip', 'COVERAL', '#', '60', 'LARG', 'TALL', 'QCI20', 'Lightwht', 'and', 'durable', 'luminum', ""LALOC\nopen\n11 th\nt wei\nR\nARG\nCOVERALL\nTALL\nARGE\nUn al\nCoctor's\nAluminum\nTripod\n#60-ALQCI20\nLightweight and\ndurable aluminum\nCST"", 'LALOC', 'open', '11', 'th', 't', 'wei', 'R', 'ARG', 'COVERALL', 'TALL', 'ARGE', 'Un', 'al', ""Coctor's"", 'Aluminum', 'Tripod', '#', '60', '-', 'ALQCI20', 'Lightweight', 'and', 'durable', 'aluminum', 'CST', '■Replaceable shoe points\nProduct\nof an ISO-9001\nCompany\nCST/berger\nDESIGNED & ENGINERED IN U.S.A.; MADE IN INDIA\nISO-9001 CO.', '■', 'Replaceable', 'shoe', 'points', 'Product', 'of', 'an', 'ISO', '-', '9001', 'Company', 'CST', '/', 'berger', 'DESIGNED', '&', 'ENGINERED', 'IN', 'U.S.A', '.;', 'MADE', 'IN', 'INDIA', 'ISO', '-', '9001', 'CO', '.', ""LL\n47\n£7'''''ס7''''''\nGt''''''\n97\n10\n6\n84\n67\n64\n42\n▪ Uni\nCO\nAlu\nSCH\nWOR\nTrip\nCO\nCO\n09#\nLightwe\ndurable\n54\n33\n3839\n23\nal\nctor's\num\nQCI20\nand\nminum"", 'LL', '47', '£', '7', ""'"", ""'"", ""'"", ""'"", ""'"", 'ס', '7', ""'"", ""'"", ""'"", ""'"", ""'"", ""'"", 'Gt', ""'"", ""'"", ""'"", ""'"", ""'"", ""'"", '97', '10', '6', '84', '67', '64', '42', '▪', 'Uni', 'CO', 'Alu', 'SCH', 'WOR', 'Trip', 'CO', 'CO', '09', '#', 'Lightwe', 'durable', '54', '33', '3839', '23', 'al', ""ctor's"", 'um', 'QCI20', 'and', 'minum']","['Tripod', 'Optical instrument', 'Tool']","['Packaged goods', 'Boxed packaged goods']",aypt2025-13/50_1.jpg,"High-quality aluminum tripod in a sturdy, yellow box. Features durable construction, quick clamp leg release, and replaceable shoe points. Ideal for use with laser and auto levels. Measures 5/8"" x 11 thread, perfect for professionals and enthusiasts alike."
50,51,"['ADELTA &\nシル', 'ADELTA', '&', 'シル', '34\n5\n6-78 910\n3\n4\n5\n12 13\n14han15am 16\n17\n18\n19\n20\n21\n10\n22\n11\n2 F\n23 24an\nFRAME STRI SAW\nSAWBUCK\nADELTA', '34', '5', '6-78', '910', '3', '4', '5', '12', '13', '14han15am', '16', '17', '18', '19', '20', '21', '10', '22', '11', '2', 'F', '23', '24an', 'FRAME', 'STRI', 'SAW', 'SAWBUCK', 'ADELTA', 'WARNING\nSAWBUCK\nFRAME & TRIM SAW\nADELTA', 'WARNING', 'SAWBUCK', 'FRAME', '&', 'TRIM', 'SAW', 'ADELTA', 'DELTA\nDelta International Machinery Corp.\nPittsburgh, Pennsylvania USA\nSERIAL 86 69696\nCAT. NO. 33-150\nSAWBUCK\nNO.\n115V AC 15A 25-60 HERTZ\nUSE ONLY BLADES RECOMMENDED\nFOR 5500 RPM WITH 5/8"" ARBOR\nHOLE ON THIS SAW.\n422-25-137-0002\nLR 30211\nSP\nMADE IN U.S.A', 'DELTA', 'Delta', 'International', 'Machinery', 'Corp.', 'Pittsburgh', ',', 'Pennsylvania', 'USA', 'SERIAL', '86', '69696', 'CAT', '.', 'NO', '.', '33-150', 'SAWBUCK', 'NO', '.', '115V', 'AC', '15A', '25-60', 'HERTZ', 'USE', 'ONLY', 'BLADES', 'RECOMMENDED', 'FOR', '5500', 'RPM', 'WITH', '5/8', '""', 'ARBOR', 'HOLE', 'ON', 'THIS', 'SAW', '.', '422-25-137-0002', 'LR', '30211', 'SP', 'MADE', 'IN', 'U.S.A', 'N\n55\n54\n75\n57', 'N', '55', '54', '75', '57']","['Machine', 'Silver', 'Electrical cable', 'Wire']",[],aypt2025-13/51_1.jpg,"Silver Delta International Machinery Corp. SAWBUCK frame and trim saw with 115V AC, 15A, 25-60 Hz. Includes serial number 86 69696 and user instructions. Ideal for precision trimming tasks."
51,52,"['0\n刊\nWARNING\n10x\nRNING', '0', '刊', 'WARNING', '10x', 'RNING', 'OTROY-BILT\ncycle\ntemps\ncicles', 'OTROY', '-', 'BILT', 'cycle', 'temps', 'cicles', 'OTROY-BILT\nAWARNIN', 'OTROY', '-', 'BILT', 'AWARNIN', 'OTROY-BILT\nstated', 'OTROY', '-', 'BILT', 'stated', ""CLEVELAND, OH 44136-0019\nTROY-BILT LLC, P.O. BOX 361131\nIMPORTANT EMISSIONS INFORMATION.\nTHIS ENGINE MEETS U.S. EPA PH2 AND 2008\nCALIFORNIA EXH AND EVP EMISSION\nREGULATIONS FOR SMALL OFF-ROAD ENGINES.\nDISPLACEMENT: 26.2 CC\nCOMPLIANCE PERIOD: 50 HOURS\nEF: 8MTDS.0264TA EM\nDOM:01/2008\nTHE AIR INDEX OF THIS ENGINE IS 3.\n02\n4\n6\n8 10\nNOTE: THE LOWER THE AIR INDEX,\nTHE LESS POLLUTION. THIS ENGINE IS\nCERTIFIED TO BE EMISSIONS COMPLIANT\nFOR THE FOLLOWING USE:\nMODERATE INTERMEDIATE\nEXTENDED\nREFER TO OPERATOR'S MANUAL FOR-\nMAINTENANCE SPECIFICATIONS."", 'CLEVELAND', ',', 'OH', '44136-0019', 'TROY', '-', 'BILT', 'LLC', ',', 'P.O.', 'BOX', '361131', 'IMPORTANT', 'EMISSIONS', 'INFORMATION', '.', 'THIS', 'ENGINE', 'MEETS', 'U.S.', 'EPA', 'PH2', 'AND', '2008', 'CALIFORNIA', 'EXH', 'AND', 'EVP', 'EMISSION', 'REGULATIONS', 'FOR', 'SMALL', 'OFF', '-', 'ROAD', 'ENGINES', '.', 'DISPLACEMENT', ':', '26.2', 'CC', 'COMPLIANCE', 'PERIOD', ':', '50', 'HOURS', 'EF', ':', '8MTDS.0264TA', 'EM', 'DOM', ':', '01/2008', 'THE', 'AIR', 'INDEX', 'OF', 'THIS', 'ENGINE', 'IS', '3', '.', '02', '4', '6', '8', '10', 'NOTE', ':', 'THE', 'LOWER', 'THE', 'AIR', 'INDEX', ',', 'THE', 'LESS', 'POLLUTION', '.', 'THIS', 'ENGINE', 'IS', 'CERTIFIED', 'TO', 'BE', 'EMISSIONS', 'COMPLIANT', 'FOR', 'THE', 'FOLLOWING', 'USE', ':', 'MODERATE', 'INTERMEDIATE', 'EXTENDED', 'REFER', 'TO', ""OPERATOR'S"", 'MANUAL', 'FOR-', 'MAINTENANCE', 'SPECIFICATIONS', '.']","['Mower', 'Lawn mower', 'Outdoor Power Equipment', 'Walk-Behind Mower', 'Machine', 'Edger', 'Tool', 'Rolling', 'Power tool', 'Garden tool']",['Stroller'],aypt2025-13/52_1.jpg,"Red Troy-Bilt walk-behind lawn mower with black handle and wheels, ideal for moderate to extended use. Features a powerful engine and meets U.S. EPA regulations. Perfect for maintaining your outdoor space with ease."
52,53,"['PRESERV\nSNAPPER\n6.75', 'PRESERV', 'SNAPPER', '6.75', 'HONY\nSelf-Propelled\nFRONT WHEEL DRIVE', 'HONY', 'Self', '-', 'Propelled', 'FRONT', 'WHEEL', 'DRIVE', 'PRESEP\n2\nSNAPPER\nDANGER\nSelf-P', 'PRESEP', '2', 'SNAPPER', 'DANGER', 'Self', '-', 'P', 'IDENTIFICATION TAG\nSPV22675HW 22"" SNAPPER WALK BEHIND\n7800190\n130.371210\n080609\n0 59307 02653\nUSA-800-317-7833\nwww.SNAPPER.COM\nBriggs & Stratton Power Products Group C\n2013884239\nCONFORMS TO ANSI B71.1-2003-SAFETY STANDARUS\nMilwaukee, WI 53201 USA\nMEETS CPSC BLADE SAFETY REQUIREMENTS', 'IDENTIFICATION', 'TAG', 'SPV22675HW', '22', '""', 'SNAPPER', 'WALK', 'BEHIND', '7800190', '130.371210', '080609', '0', '59307', '02653', 'USA', '-', '800-317-7833', 'www.SNAPPER.COM', 'Briggs', '&', 'Stratton', 'Power', 'Products', 'Group', 'C', '2013884239', 'CONFORMS', 'TO', 'ANSI', 'B71.1-2003', '-', 'SAFETY', 'STANDARUS', 'Milwaukee', ',', 'WI', '53201', 'USA', 'MEETS', 'CPSC', 'BLADE', 'SAFETY', 'REQUIREMENTS', 'OPERATING INSTRUCTIONS\nSTOP\no Engage\nse Speed\nayp\nPossessions Today\n53-13-F\n53', 'OPERATING', 'INSTRUCTIONS', 'STOP', 'o', 'Engage', 'se', 'Speed', 'ayp', 'Possessions', 'Today', '53-13', '-', 'F', '53']",['Outdoor Power Equipment'],"['Wheel', 'Wheel', 'Tire', 'Tire']",aypt2025-13/53_1.jpg,"Used self-propelled lawn mower with red and gray metal frame, gray fabric covering, and white wheels. Features a Briggs & Stratton engine and meets CPSC blade safety requirements. Ideal for outdoor use."
53,54,"['ee', 'ee', '0001100\nNOON NOLLYNES\nRE KEEP SPRING CREASED', '0001100', 'NOON', 'NOLLYNES', 'RE', 'KEEP', 'SPRING', 'CREASED', 'EURO MOLD AND KEC. INC\nETROIT 24 MICH\nUS. PATD-54509\nABALLAN PAID-25026\nGTRER COUNTRIES PERD.', 'EURO', 'MOLD', 'AND', 'KEC', '.', 'INC', 'ETROIT', '24', 'MICH', 'US', '.', 'PATD', '-', '54509', 'ABALLAN', 'PAID', '-', '25026', 'GTRER', 'COUNTRIES', 'PERD', '.', '100-T for Her Savings\nof\nThe GIRD BATTLES\nNATIONAL BANK\nGirard-Fai\nW\nLake City', '100', '-', 'T', 'for', 'Her', 'Savings', 'of', 'The', 'GIRD', 'BATTLES', 'NATIONAL', 'BANK', 'Girard', '-', 'Fai', 'W', 'Lake', 'City', '62\nBATTLES\nAL BANK', '62', 'BATTLES', 'AL', 'BANK', 'CAN PAT\n150-21482\nRD. 1957-A BERZAC CREATION', 'CAN', 'PAT', '150-21482', 'RD', '.', '1957', '-', 'A', 'BERZAC', 'CREATION']","['Toy', 'Rocket', 'Aerospace Engineering', 'Scale model', 'Aircraft', 'Plastic', 'Science', 'Missile']","['Lighting', 'Lighting']",aypt2025-13/54_1.jpg,"Vintage, retro-style, green plastic rocket-shaped wall sconce with yellow detailing, featuring a cone-shaped tip and a round top. Perfect for mid-century modern decor, this item is a unique blend of aerospace engineering and functional lighting."
54,55,"['Bob Dylan\nBALL\nHOLLYS\nLAGNING\nNORTHS', 'Bob', 'Dylan', 'BALL', 'HOLLYS', 'LAGNING', 'NORTHS', 'Bob Dylan\nBelieve it or not, Bob Dylan had no intention of becoming ahead for\nAmerican unrest in the early 1960\'s. He just wanted to make music and\nchronicle the world he saw around him. And as a supremely talented singer,\nsongwriter, author, musician, and poet, he did a pretty darn good job at both.\nConsequently, he ended up writing a number of songs that would become\nanthems for the anti-war and civil rights movements.\nDylan began his life as Robert Zimmerman, but with a name change and an\nuntrained singing voice with a now famous edge to it, his career in the ""new folk""\nmovement took off. His early lyrics combined politics with social commentary,\nphilosophy with obscure literary references and created a style that defied\nconvention. But Dylan\'s unique approach didn\'t end there. No. His musical prowess\nextended into folk, country, blues, gospel, rock and roll, and even jazz.\nAll this combined just may be why one of his most famous songs is occasionally\nmisunderstood. You see, Dylan never meant for ""The Times They Are a-Changin\nto be an indictment on the generation gap or on political divide. It was part of album\nof songs about racism, poverty and social change. An album that would go Gold and\nhelp propel Dylan into the Hall of Fame. It was a protest song meant to evoke a\nfeeling. Or, as Dylan liked to put it, ""Those were the\nseparate aliveness from deadness. It had nothing\nI could find to\nwith age.', 'Bob', 'Dylan', 'Believe', 'it', 'or', 'not', ',', 'Bob', 'Dylan', 'had', 'no', 'intention', 'of', 'becoming', 'ahead', 'for', 'American', 'unrest', 'in', 'the', 'early', ""1960's"", '.', 'He', 'just', 'wanted', 'to', 'make', 'music', 'and', 'chronicle', 'the', 'world', 'he', 'saw', 'around', 'him', '.', 'And', 'as', 'a', 'supremely', 'talented', 'singer', ',', 'songwriter', ',', 'author', ',', 'musician', ',', 'and', 'poet', ',', 'he', 'did', 'a', 'pretty', 'darn', 'good', 'job', 'at', 'both', '.', 'Consequently', ',', 'he', 'ended', 'up', 'writing', 'a', 'number', 'of', 'songs', 'that', 'would', 'become', 'anthems', 'for', 'the', 'anti', '-', 'war', 'and', 'civil', 'rights', 'movements', '.', 'Dylan', 'began', 'his', 'life', 'as', 'Robert', 'Zimmerman', ',', 'but', 'with', 'a', 'name', 'change', 'and', 'an', 'untrained', 'singing', 'voice', 'with', 'a', 'now', 'famous', 'edge', 'to', 'it', ',', 'his', 'career', 'in', 'the', '""', 'new', 'folk', '""', 'movement', 'took', 'off', '.', 'His', 'early', 'lyrics', 'combined', 'politics', 'with', 'social', 'commentary', ',', 'philosophy', 'with', 'obscure', 'literary', 'references', 'and', 'created', 'a', 'style', 'that', 'defied', 'convention', '.', 'But', ""Dylan's"", 'unique', 'approach', ""didn't"", 'end', 'there', '.', 'No.', 'His', 'musical', 'prowess', 'extended', 'into', 'folk', ',', 'country', ',', 'blues', ',', 'gospel', ',', 'rock', 'and', 'roll', ',', 'and', 'even', 'jazz', '.', 'All', 'this', 'combined', 'just', 'may', 'be', 'why', 'one', 'of', 'his', 'most', 'famous', 'songs', 'is', 'occasionally', 'misunderstood', '.', 'You', 'see', ',', 'Dylan', 'never', 'meant', 'for', '""', 'The', 'Times', 'They', 'Are', 'a', '-', 'Changin', 'to', 'be', 'an', 'indictment', 'on', 'the', 'generation', 'gap', 'or', 'on', 'political', 'divide', '.', 'It', 'was', 'part', 'of', 'album', 'of', 'songs', 'about', 'racism', ',', 'poverty', 'and', 'social', 'change', '.', 'An', 'album', 'that', 'would', 'go', 'Gold', 'and', 'help', 'propel', 'Dylan', 'into', 'the', 'Hall', 'of', 'Fame', '.', 'It', 'was', 'a', 'protest', 'song', 'meant', 'to', 'evoke', 'a', 'feeling', '.', 'Or', ',', 'as', 'Dylan', 'liked', 'to', 'put', 'it', ',', '""', 'Those', 'were', 'the', 'separate', 'aliveness', 'from', 'deadness', '.', 'It', 'had', 'nothing', 'I', 'could', 'find', 'to', 'with', 'age', '.', 'BALL\nHE TIMES\nHOLLIS\nONE\nBROWS\nTOOK S\nMORTH COUNTY\nKUNDE BLUES\nONLY\nPAND GAME\nWith\nBOOTS\nANE\nWHEN\nSHIP\nCOMES\nMATTLE\nLONESOME\nDEATH CARROL\nBAREWELL\nSide', 'BALL', 'HE', 'TIMES', 'HOLLIS', 'ONE', 'BROWS', 'TOOK', 'S', 'MORTH', 'COUNTY', 'KUNDE', 'BLUES', 'ONLY', 'PAND', 'GAME', 'With', 'BOOTS', 'ANE', 'WHEN', 'SHIP', 'COMES', 'MATTLE', 'LONESOME', 'DEATH', 'CARROL', 'BAREWELL', 'Side', ""BOB\nDYLAN\nTE\n03049\n87343\nMEN'S\n3\nL"", 'BOB', 'DYLAN', 'TE', '03049', '87343', ""MEN'S"", '3', 'L', 'BRAND', 'BRAND']","['Label', 'Publication', 'Graphic design']",[],aypt2025-13/55_1.jpg,"Rare vintage poster featuring Bob Dylan's iconic ""Ballad of Hollis Brown"" album cover. Includes detailed graphics and lyrics. Printed on high-quality paper, with a black frame. Perfect for collectors and music enthusiasts. Condition: Excellent."
55,56,"['(H) Husqvarna\nHusqvama', '(', 'H', ')', 'Husqvarna', 'Husqvama', 'Husqvarna', 'Husqvarna', '536-64794Y\n91VG/56\nCHAIN PITCH 3/8""\n16"" .050 GA\nSPROCKET NOSE 7T\nUL\nUS\nLISTED 556Y\nIN ACCORDANCE WITH\nANSI B175.1-2000\nAND CSA Z62.1-M95/262.3-96\nFOR GASOLINE POWERED CHAIN SAWS.\nCLASS 1A\n530-056078', '536-64794Y', '91VG', '/', '56', 'CHAIN', 'PITCH', '3/8', '""', '16', '""', '.050', 'GA', 'SPROCKET', 'NOSE', '7T', 'UL', 'US', 'LISTED', '556Y', 'IN', 'ACCORDANCE', 'WITH', 'ANSI', 'B175.1-2000', 'AND', 'CSA', 'Z62.1', '-', 'M95', '/', '262.3-96', 'FOR', 'GASOLINE', 'POWERED', 'CHAIN', 'SAWS', '.', 'CLASS', '1A', '530-056078', 'H Husqvarna\nSWEDEN', 'H', 'Husqvarna', 'SWEDEN', 'WAPONIAM SHIGE INFORMATION\n(F) Havana ASSETABLED HE US\nTHIS BUGINE CONFORMS TO EMISSIONS\nREGULATIONS FOR SMALL OFF ROAD ENGINES\nFAMILY\nSERIAL\nGALIFORNIA/US EPA PH2\nEMISSION DURABILITY PERIOD SO HOURS\nTHE AIR HIDEX OF THIS ENGINE IS 2\nSPECIFICATIONS AND ADJUSTMENTS\nTOTUODOX\nAIR INJECTION\nHusqvarna\n136\nLOWEMISSI', 'WAPONIAM', 'SHIGE', 'INFORMATION', '(', 'F', ')', 'Havana', 'ASSETABLED', 'HE', 'US', 'THIS', 'BUGINE', 'CONFORMS', 'TO', 'EMISSIONS', 'REGULATIONS', 'FOR', 'SMALL', 'OFF', 'ROAD', 'ENGINES', 'FAMILY', 'SERIAL', 'GALIFORNIA', '/', 'US', 'EPA', 'PH2', 'EMISSION', 'DURABILITY', 'PERIOD', 'SO', 'HOURS', 'THE', 'AIR', 'HIDEX', 'OF', 'THIS', 'ENGINE', 'IS', '2', 'SPECIFICATIONS', 'AND', 'ADJUSTMENTS', 'TOTUODOX', 'AIR', 'INJECTION', 'Husqvarna', '136', 'LOWEMISSI', ""IMPORTANT ENGINE INFORMATION\nH Husqvarna ASSEMBLED IN USA\nTHIS ENGINE CONFORMS TO EMISSIONS\nREGULATIONS FOR SMALL OFF ROAD.ENGINES\nFAMILY\n-DISP.\nSERIAL #\n2004 CALIFORNIA/US EPA PH2\n4PWE8.0384CB\n38CC TWC\n20040600913: (08:27)\nMODEL 138LE\nEMISSION DURABILITY PERIOD 50 HOURS\nTHE AIR INDEX OF THIS ENGINE IS 3.\n2\n41 161 181\n530-055325\n10\nTHE LOWER THE AIR INDEX, THE LESS POLLUTION\nREFER TO OWNER'S MANUAL FOR MAINTENANCE\nSPECIFICATIONS AND ADJUSTMENTS.\nTOOOOOOO"", 'IMPORTANT', 'ENGINE', 'INFORMATION', 'H', 'Husqvarna', 'ASSEMBLED', 'IN', 'USA', 'THIS', 'ENGINE', 'CONFORMS', 'TO', 'EMISSIONS', 'REGULATIONS', 'FOR', 'SMALL', 'OFF', 'ROAD.ENGINES', 'FAMILY', '-DISP', '.', 'SERIAL', '#', '2004', 'CALIFORNIA', '/', 'US', 'EPA', 'PH2', '4PWE8.0384CB', '38CC', 'TWC', '20040600913', ':', '(', '08:27', ')', 'MODEL', '138LE', 'EMISSION', 'DURABILITY', 'PERIOD', '50', 'HOURS', 'THE', 'AIR', 'INDEX', 'OF', 'THIS', 'ENGINE', 'IS', '3', '.', '2', '41', '161', '181', '530-055325', '10', 'THE', 'LOWER', 'THE', 'AIR', 'INDEX', ',', 'THE', 'LESS', 'POLLUTION', 'REFER', 'TO', ""OWNER'S"", 'MANUAL', 'FOR', 'MAINTENANCE', 'SPECIFICATIONS', 'AND', 'ADJUSTMENTS', '.', 'TOOOOOOO']","['Chainsaw', 'Saw', 'Power tool', 'Machine', 'Tool', 'Outdoor Power Equipment']",['Chainsaw'],aypt2025-13/56_1.jpg,"Husqvarna 536-64794Y chain saw with 3/8"" chain pitch, 16"" bar, and 91VG/56 sprocket nose. Features durable construction and meets ANSI and CSA standards for gasoline-powered chain saws. Excellent outdoor power equipment choice."
56,57,"['口\nGIHAND', '口', 'GIHAND', 'H\n2037\nLIONEL\nLINES\nONE L', 'H', '2037', 'LIONEL', 'LINES', 'ONE', 'L', 'LIONE\nLIONEL LINES\n49', 'LIONE', 'LIONEL', 'LINES', '49', '2037', '2037', '2037', '2037', 'MADE\nTHE LIONEL COR\n8-17 VO\nION NX.\n120 V\nTYPE 1043\n60 WATTS', 'MADE', 'THE', 'LIONEL', 'COR', '8-17', 'VO', 'ION', 'NX', '.', '120', 'V', 'TYPE', '1043', '60', 'WATTS', 'EPE\nHAVE N', 'EPE', 'HAVE', 'N', 'L.V.\n25000\nLEH IGH VAL LEY\nGAPY\nLD LMT\n100000\nNEW 1-40\nV\nCUFFO', 'L.V.', '25000', 'LEH', 'IGH', 'VAL', 'LEY', 'GAPY', 'LD', 'LMT', '100000', 'NEW', '1-40', 'V', 'CUFFO', 'IGH\nVAL LEY\nLV\nCUFT1000\nLIONEL LINES\n6017', 'IGH', 'VAL', 'LEY', 'LV', 'CUFT1000', 'LIONEL', 'LINES', '6017']","['Track', 'Steel', 'Train', 'Rail transport', 'Rolling stock', 'Nickel']",[],aypt2025-13/57_1.jpg,"Vintage train track assembly featuring numerous steel rails and brackets. Includes a metallic mounting plate with red accents. Ideal for collectors or model train enthusiasts. Excellent condition, ready for display or restoration."
57,58,"['HITACHI\nNT 65MA2\n2 1/2"" FINISH NAILER\nAir Pressure 70-120psi\nNail Length x Dia. 11/4"" x 15Ga.-2 1/2"" x 15Ga.\nHitachi Koki MADE IN TAIWAN\nC330383D', 'HITACHI', 'NT', '65MA2', '2', '1/2', '""', 'FINISH', 'NAILER', 'Air', 'Pressure', '70-120psi', 'Nail', 'Length', 'x', 'Dia', '.', '11/4', '""', 'x', '15Ga', '.', '-', '2', '1/2', '""', 'x', '15Ga', '.', 'Hitachi', 'Koki', 'MADE', 'IN', 'TAIWAN', 'C330383D', ""HITACHI\nативтиор\nInstruction and safety manual\nManuel d'instructions et de sécurité\nInstrucciones y manual de seguridad\nModel\nModèle\nModelo\nNT 65MA2\nFinish Nailer\nCloueur de finition\nClavadora de acabado\nHI\nA DANGER\nImproper use of this Nailer can result in death or serious injury!\nThis Manual contains important information about product safety.\nRead and understand this Manual before operating the Nailer.\nNever allow anyone who has not reviewed this manual.\nA DANGER\nne utilisation incorrecte et sans respecter la sécurité de ce cloueur risque d'entraîner\nmort ou des blessures graves!\nemanuel renferme des instructions importantes sur la sécurité de l'outil.\nre et bien assimiler ce manuel avant d'utiliser le cloueur.\ne jamais laisser les personnes n'ayant pas étutdié le manuel utiliser l'outil.\nAPELIGRO\nutilización inadecuada e insegura de este clavador puede resultar en lesiones serias\nla muerte!\ne manual contiene información importante sobre la seguridad del producto.\ny entienda este manual antes de utilizar el clavador.\ndeje manejar esta herramienta a nadie que no haya leído este manual.\nEASY!!\n'ded)\nHitachi Koki\nDétails de la garantie\ngarantía"", 'HITACHI', 'ативтиор', 'Instruction', 'and', 'safety', 'manual', 'Manuel', ""d'instructions"", 'et', 'de', 'sécurité', 'Instrucciones', 'y', 'manual', 'de', 'seguridad', 'Model', 'Modèle', 'Modelo', 'NT', '65MA2', 'Finish', 'Nailer', 'Cloueur', 'de', 'finition', 'Clavadora', 'de', 'acabado', 'HI', 'A', 'DANGER', 'Improper', 'use', 'of', 'this', 'Nailer', 'can', 'result', 'in', 'death', 'or', 'serious', 'injury', '!', 'This', 'Manual', 'contains', 'important', 'information', 'about', 'product', 'safety', '.', 'Read', 'and', 'understand', 'this', 'Manual', 'before', 'operating', 'the', 'Nailer', '.', 'Never', 'allow', 'anyone', 'who', 'has', 'not', 'reviewed', 'this', 'manual', '.', 'A', 'DANGER', 'ne', 'utilisation', 'incorrecte', 'et', 'sans', 'respecter', 'la', 'sécurité', 'de', 'ce', 'cloueur', 'risque', ""d'entraîner"", 'mort', 'ou', 'des', 'blessures', 'graves', '!', 'emanuel', 'renferme', 'des', 'instructions', 'importantes', 'sur', 'la', 'sécurité', 'de', ""l'outil"", '.', 're', 'et', 'bien', 'assimiler', 'ce', 'manuel', 'avant', ""d'utiliser"", 'le', 'cloueur', '.', 'e', 'jamais', 'laisser', 'les', 'personnes', ""n'ayant"", 'pas', 'étutdié', 'le', 'manuel', 'utiliser', ""l'outil"", '.', 'APELIGRO', 'utilización', 'inadecuada', 'e', 'insegura', 'de', 'este', 'clavador', 'puede', 'resultar', 'en', 'lesiones', 'serias', 'la', 'muerte', '!', 'e', 'manual', 'contiene', 'información', 'importante', 'sobre', 'la', 'seguridad', 'del', 'producto', '.', 'y', 'entienda', 'este', 'manual', 'antes', 'de', 'utilizar', 'el', 'clavador', '.', 'deje', 'manejar', 'esta', 'herramienta', 'a', 'nadie', 'que', 'no', 'haya', 'leído', 'este', 'manual', '.', 'EASY', '!!', ""'"", 'ded', ')', 'Hitachi', 'Koki', 'Détails', 'de', 'la', 'garantie', 'garantía', 'NAMI\nHITACHI', 'NAMI', 'HITACHI']","['Drill', 'Pneumatic tool', 'Handheld Power Drill', 'Hammer drill', 'Tool', 'Technology', 'Machine', 'Power tool', 'Box', 'Impact driver']",['Drill'],aypt2025-13/58_1.jpg,"Open tool box containing a gray handheld power drill with green accents, accompanied by an instruction manual and safety warning label. Includes impact driver and additional tools, all in excellent condition. Ideal for DIY projects or professional use."
58,59,"['ho w\n91/05/981\nwwans\nB-J-123D\nLA 02041475\n15452\n1549562\n10/1\nENTAL\nCONT\nENTAL\nCONT\nContinental\nContinental &', 'ho', 'w', '91/05/981', 'wwans', 'B', '-', 'J', '-', '123D', 'LA', '02041475', '15452', '1549562', '10/1', 'ENTAL', 'CONT', 'ENTAL', 'CONT', 'Continental', 'Continental', '&', 'ENTAL\ntyres.com\nCONT\nContinental', 'ENTAL', 'tyres.com', 'CONT', 'Continental', '91 809/98L\n09/01/2015\nLoad ID: 2004178475\nB-J-123D\n15495620000\n185/50R16 81H PROCTX\n1549562\nPC\nyres.c', '91', '809', '/', '98L', '09/01/2015', 'Load', 'ID', ':', '2004178475', 'B', '-', 'J', '-', '123D', '15495620000', '185', '/', '50R16', '81H', 'PROCTX', '1549562', 'PC', 'yres.c', 'Continental\nProContact TX\n185/ R 16\nSt:07\n61/20/70-\n0910\nLld 2910\n0103\n15495\nTREADWEAR 600 TRACTION\n185/5\nTIRE\nMOUNTING\nINSTRUCTIONS\nA WARNING\n1000\nFailure to comply with these mo\ninstructions can cause the bead to break\nand the assembly t\nUREAB C\n9\n62', 'Continental', 'ProContact', 'TX', '185', '/', 'R', '16', 'St', ':', '07', '61', '/', '20', '/', '70-', '0910', 'Lld', '2910', '0103', '15495', 'TREADWEAR', '600', 'TRACTION', '185/5', 'TIRE', 'MOUNTING', 'INSTRUCTIONS', 'A', 'WARNING', '1000', 'Failure', 'to', 'comply', 'with', 'these', 'mo', 'instructions', 'can', 'cause', 'the', 'bead', 'to', 'break', 'and', 'the', 'assembly', 't', 'UREAB', 'C', '9', '62', 'Continental\nProContact TX\n185/50 R 16\n81 H\nBSW\n1549562\nTREADWEAR 500\n185/5\nTIRE\nMOUNTING\nINSTRUCTIONS\nOnly specially\n0 51342 157549\nTRACTION AABC\nA WARNING\nTEMPERATUREBO\nFailure to comply with these mounting\nInstructions can cause the bead to break\ntrain\nand the ast\nsuniclent toy to burst with forg\ncause\n62', 'Continental', 'ProContact', 'TX', '185/50', 'R', '16', '81', 'H', 'BSW', '1549562', 'TREADWEAR', '500', '185/5', 'TIRE', 'MOUNTING', 'INSTRUCTIONS', 'Only', 'specially', '0', '51342', '157549', 'TRACTION', 'AABC', 'A', 'WARNING', 'TEMPERATUREBO', 'Failure', 'to', 'comply', 'with', 'these', 'mounting', 'Instructions', 'can', 'cause', 'the', 'bead', 'to', 'break', 'train', 'and', 'the', 'ast', 'suniclent', 'toy', 'to', 'burst', 'with', 'forg', 'cause', '62', 'Ontinen', 'Ontinen', 'DOT ONSCHWEPO', 'DOT', 'ONSCHWEPO']","['Automotive Tire', 'Automotive Wheel System', 'Tread', 'Bumper', 'Fender', 'Tire Care', 'Sport utility vehicle', 'Hubcap', 'Locking hubs']","['Tire', 'Tire']",aypt2025-13/59_1.jpg,"Four new, high-quality automotive tires with yellow Continental ProContact TX labels, 185/50R16, 81H, featuring advanced treadwear and traction. Includes mounting instructions. Perfect for sport utility vehicles, offering excellent performance and durability."
59,60,"['Delongh\n1.OP', 'Delongh', '1.OP', 'DeLonghi\nDa HEATMACHINE', 'DeLonghi', 'Da', 'HEATMACHINE', 'DeLonghi\nMade in Italy\nType: HM-15\n120~60 Hz\nW : 1500\nV\nPATENTED\nLISTED\nUL 816 F\nAir Heater. HOUSEHOLD USE ONLY\nSERIAL NO.L\nSer.Nr.\n1.94 29-ES\n544349', 'DeLonghi', 'Made', 'in', 'Italy', 'Type', ':', 'HM', '-', '15', '120', '~', '60', 'Hz', 'W', ':', '1500', 'V', 'PATENTED', 'LISTED', 'UL', '816', 'F', 'Air', 'Heater', '.', 'HOUSEHOLD', 'USE', 'ONLY', 'SERIAL', 'NO.L', 'Ser.Nr.', '1.94', '29', '-', 'ES', '544349', 'De Not Gover\nTimer\nTimer\nto C\nHigh\nRCIN\nCOBB\n40\nLow\nECO\nO\nPower\n0\nMode\nON OFF', 'De', 'Not', 'Gover', 'Timer', 'Timer', 'to', 'C', 'High', 'RCIN', 'COBB', '40', 'Low', 'ECO', 'O', 'Power', '0', 'Mode', 'ON', 'OFF', 'Timer\nHigh\nLow\nTimer\nRCIN\nCO\n°F O\nECO\nO\n8.8\nPower\nо\nMode\nON/OFF', 'Timer', 'High', 'Low', 'Timer', 'RCIN', 'CO', '°', 'F', 'O', 'ECO', 'O', '8.8', 'Power', 'о', 'Mode', 'ON', '/', 'OFF', 'least 3 feet (0.9m) from the front o\nand away from the sides and rear.\nlife\nSMART\nS/N:K1813513\nMAR 1500W\nINFRARED HEATER\nMarket t\nCL0100210119\nPost Co\n100W\nCID\nNO USER-SERABLE\nA\nPARTS INSIDE', 'least', '3', 'feet', '(', '0.9m', ')', 'from', 'the', 'front', 'o', 'and', 'away', 'from', 'the', 'sides', 'and', 'rear', '.', 'life', 'SMART', 'S', '/', 'N', ':', 'K1813513', 'MAR', '1500W', 'INFRARED', 'HEATER', 'Market', 't', 'CL0100210119', 'Post', 'Co', '100W', 'CID', 'NO', 'USER', '-', 'SERABLE', 'A', 'PARTS', 'INSIDE', 'front of the\nnd rear.\nS/N:K1813513\nlife\nSMAR\n1500W\nINFRARED HEATER\nModel No: LS1002HH13\nPower Supply: 120V/60HE\nPower Consumption: 1600W\nIntertek\nBLE PARTS INSIDE', 'front', 'of', 'the', 'nd', 'rear', '.', 'S', '/', 'N', ':', 'K1813513', 'life', 'SMAR', '1500W', 'INFRARED', 'HEATER', 'Model', 'No', ':', 'LS1002HH13', 'Power', 'Supply', ':', '120V', '/', '60HE', 'Power', 'Consumption', ':', '1600W', 'Intertek', 'BLE', 'PARTS', 'INSIDE', '22\n32\nDo Not Cover\n92\nNa', '22', '32', 'Do', 'Not', 'Cover', '92', 'Na']","['Electronic device', 'Technology', 'Electronics', 'Loudspeaker', 'Computer hardware', 'Silver', 'Computer case', 'Gadget', 'Design', 'Electrical cable']",[],aypt2025-13/60_1.jpg,"Vintage DeLonghi Air Heater with sleek black and silver design. Features a compact, cube-shaped black unit and a front vented grill. Includes an electrical cable. Ideal for efficient heating in small spaces. Perfect condition."
